clip,method,mask,epe_16_m,epe_64_same_queries_m,difference_16_minus_64_m,coverage_16,coverage_64_same_queries,pck1cm_16,pck1cm_64
articulated_links_fixed,cotracker3_gt_geometry,visible,0.006704259198158979,0.010593047365546227,-0.003888788167387247,1.0,1.0,0.8672609009877138,0.8614791616477957
articulated_links_fixed,cotracker3_gt_geometry,foreground_visible,0.01752435974776745,0.014965057373046875,0.0025593023747205734,1.0,1.0,0.4314516129032258,0.4637096774193548
articulated_links_fixed,spatrackerv2_gt_geometry_fp32_math,visible,0.03078930638730526,0.03706353157758713,-0.006274225190281868,1.0,1.0,0.9101421344254397,0.866779089376054
articulated_links_fixed,spatrackerv2_gt_geometry_fp32_math,foreground_visible,0.3930836617946625,0.33418676257133484,0.05889689922332764,1.0,1.0,0.0,0.0
articulated_links_fixed,delta_gt_geometry,visible,0.008291034959256649,0.008828697726130486,-0.0005376627668738365,1.0,1.0,0.824138761744158,0.891110575764876
articulated_links_fixed,delta_gt_geometry,foreground_visible,0.05855279788374901,0.07830239832401276,-0.019749600440263748,1.0,1.0,0.3346774193548387,0.3629032258064516
articulated_links_orbit,cotracker3_gt_geometry,visible,0.038001302629709244,0.03769078105688095,0.00031052157282829285,1.0,1.0,0.24194400422609613,0.25699947173798204
articulated_links_orbit,cotracker3_gt_geometry,foreground_visible,0.014974403195083141,0.014614982530474663,0.00035942066460847855,1.0,1.0,0.5346153846153846,0.5
articulated_links_orbit,spatrackerv2_gt_geometry_fp32_math,visible,0.05532684549689293,0.06023617833852768,-0.00490933284163475,1.0,1.0,0.6743264659270999,0.7356048600105652
articulated_links_orbit,spatrackerv2_gt_geometry_fp32_math,foreground_visible,0.44445550441741943,0.2803615629673004,0.16409394145011902,1.0,1.0,0.0,0.06153846153846154
articulated_links_orbit,delta_gt_geometry,visible,0.04272288456559181,0.03894831985235214,0.00377456471323967,1.0,1.0,0.12731114632857898,0.17934495509772846
articulated_links_orbit,delta_gt_geometry,foreground_visible,0.04424751549959183,0.06097090244293213,-0.0167233869433403,1.0,1.0,0.2153846153846154,0.3269230769230769
depth_speed_out_of_view_stress_fixed,cotracker3_gt_geometry,visible,0.006273758597671986,0.010028415359556675,-0.0037546567618846893,0.99830220713073,0.9985447489691972,0.9172932330827067,0.9189910259519767
depth_speed_out_of_view_stress_fixed,cotracker3_gt_geometry,foreground_visible,0.06932488828897476,0.07129011303186417,-0.0019652247428894043,0.9615384615384616,0.967032967032967,0.6098901098901099,0.6208791208791209
depth_speed_out_of_view_stress_fixed,spatrackerv2_gt_geometry_fp32_math,visible,0.0422360897064209,0.04643535614013672,-0.00419926643371582,1.0,1.0,0.9347562454523405,0.9347562454523405
depth_speed_out_of_view_stress_fixed,spatrackerv2_gt_geometry_fp32_math,foreground_visible,0.6789510250091553,0.7385177612304688,-0.05956673622131348,1.0,1.0,0.27472527472527475,0.0
depth_speed_out_of_view_stress_fixed,delta_gt_geometry,visible,0.018479222431778908,0.006403714884072542,0.012075507547706366,1.0,1.0,0.6975503274314819,0.8481688091195732
depth_speed_out_of_view_stress_fixed,delta_gt_geometry,foreground_visible,0.03641245514154434,0.02740701660513878,0.009005438536405563,1.0,1.0,0.3791208791208791,0.3901098901098901
depth_speed_out_of_view_stress_orbit,cotracker3_gt_geometry,visible,0.033337950706481934,0.03495136648416519,-0.001613415777683258,0.996547144754316,0.9968127490039841,0.27596281540504647,0.2749003984063745
depth_speed_out_of_view_stress_orbit,cotracker3_gt_geometry,foreground_visible,0.08555358648300171,0.07712412625551224,0.008429460227489471,0.9192546583850931,0.9254658385093167,0.639751552795031,0.639751552795031
depth_speed_out_of_view_stress_orbit,spatrackerv2_gt_geometry_fp32_math,visible,0.049812451004981995,0.08537352830171585,-0.035561077296733856,1.0,1.0,0.801062416998672,0.8446215139442231
depth_speed_out_of_view_stress_orbit,spatrackerv2_gt_geometry_fp32_math,foreground_visible,0.4332696795463562,0.8116540312767029,-0.3783843517303467,1.0,1.0,0.3105590062111801,0.0
depth_speed_out_of_view_stress_orbit,delta_gt_geometry,visible,0.044514499604701996,0.043101806193590164,0.0014126934111118317,1.0,1.0,0.29057104913678616,0.22231075697211156
depth_speed_out_of_view_stress_orbit,delta_gt_geometry,foreground_visible,0.05483075976371765,0.05425586551427841,0.0005748942494392395,1.0,1.0,0.22981366459627328,0.2484472049689441
object_translation_fixed,cotracker3_gt_geometry,visible,0.004344614688307047,0.005709637887775898,-0.001365023199468851,1.0,1.0,0.9158096149246592,0.9043291078689308
object_translation_fixed,cotracker3_gt_geometry,foreground_visible,0.011648660525679588,0.015505742281675339,-0.0038570817559957504,1.0,1.0,0.8153409090909091,0.8238636363636364
object_translation_fixed,spatrackerv2_gt_geometry_fp32_math,visible,0.02459062449634075,0.03331940621137619,-0.008728781715035439,1.0,1.0,0.8875867017459937,0.8584070796460177
object_translation_fixed,spatrackerv2_gt_geometry_fp32_math,foreground_visible,0.20523709058761597,0.21821807324886322,-0.012980982661247253,1.0,1.0,0.005681818181818182,0.09375
object_translation_fixed,delta_gt_geometry,visible,0.008085766807198524,0.008717449381947517,-0.0006316825747489929,1.0,1.0,0.8495575221238938,0.8718010045443674
object_translation_fixed,delta_gt_geometry,foreground_visible,0.0379883348941803,0.049329712986946106,-0.011341378092765808,1.0,1.0,0.3352272727272727,0.5454545454545454
object_translation_orbit,cotracker3_gt_geometry,visible,0.02635372243821621,0.027811001986265182,-0.001457279548048973,1.0,1.0,0.3046937151949085,0.311323256430655
object_translation_orbit,cotracker3_gt_geometry,foreground_visible,0.02902306243777275,0.025454280897974968,0.003568781539797783,1.0,1.0,0.7926136363636364,0.8153409090909091
object_translation_orbit,spatrackerv2_gt_geometry_fp32_math,visible,0.027556162327528,0.03600739687681198,-0.008451234549283981,1.0,1.0,0.7512596128347918,0.762132060461416
object_translation_orbit,spatrackerv2_gt_geometry_fp32_math,foreground_visible,0.21007715165615082,0.21842817962169647,-0.008351027965545654,1.0,1.0,0.005681818181818182,0.09375
object_translation_orbit,delta_gt_geometry,visible,0.048378802835941315,0.05172181501984596,-0.003343012183904648,1.0,1.0,0.15725271811190666,0.2047202333598515
object_translation_orbit,delta_gt_geometry,foreground_visible,0.07025381922721863,0.06587770581245422,0.004376113414764404,1.0,1.0,0.1534090909090909,0.12215909090909091
occlusion_and_return_fixed,cotracker3_gt_geometry,visible,0.005846639629453421,0.006685810163617134,-0.0008391705341637135,1.0,1.0,0.9614534740977166,0.9592438006383501
occlusion_and_return_fixed,cotracker3_gt_geometry,foreground_visible,0.0032622069120407104,0.003293980611488223,-3.177369944751263e-05,1.0,1.0,0.997093023255814,0.997093023255814
occlusion_and_return_fixed,spatrackerv2_gt_geometry_fp32_math,visible,0.018804186955094337,0.036250852048397064,-0.017446665093302727,1.0,1.0,0.945003682789099,0.9130861772649153
occlusion_and_return_fixed,spatrackerv2_gt_geometry_fp32_math,foreground_visible,0.1449454128742218,0.1280849128961563,0.01686049997806549,1.0,1.0,0.6075581395348837,0.6133720930232558
occlusion_and_return_fixed,delta_gt_geometry,visible,0.004834027029573917,0.0045965248718857765,0.00023750215768814087,1.0,1.0,0.9160324085440708,0.9204517554628038
occlusion_and_return_fixed,delta_gt_geometry,foreground_visible,0.012201916426420212,0.009305883198976517,0.002896033227443695,1.0,1.0,0.7093023255813954,0.747093023255814
occlusion_and_return_orbit,cotracker3_gt_geometry,visible,0.027754127979278564,0.02643859200179577,0.0013155359774827957,1.0,1.0,0.36968525676421865,0.3765875207067918
occlusion_and_return_orbit,cotracker3_gt_geometry,foreground_visible,0.006071167066693306,0.006027604918926954,4.35621477663517e-05,1.0,1.0,0.8265895953757225,0.815028901734104
occlusion_and_return_orbit,spatrackerv2_gt_geometry_fp32_math,visible,0.026208754628896713,0.05066937208175659,-0.02446061745285988,1.0,1.0,0.8260629486471562,0.8470458310325787
occlusion_and_return_orbit,spatrackerv2_gt_geometry_fp32_math,foreground_visible,0.16225554049015045,0.15104049444198608,0.011215046048164368,1.0,1.0,0.4913294797687861,0.5606936416184971
occlusion_and_return_orbit,delta_gt_geometry,visible,0.05600909888744354,0.04941542446613312,0.006593674421310425,1.0,1.0,0.08586416344561015,0.11871893981225842
occlusion_and_return_orbit,delta_gt_geometry,foreground_visible,0.042679477483034134,0.03549783676862717,0.007181640714406967,1.0,1.0,0.08959537572254335,0.0838150289017341
rigid_rotation_fixed,cotracker3_gt_geometry,visible,0.0033179582096636295,0.0033974177204072475,-7.945951074361801e-05,1.0,1.0,0.9427812650893288,0.9437469821342347
rigid_rotation_fixed,cotracker3_gt_geometry,foreground_visible,0.013142300769686699,0.012650351040065289,0.0004919497296214104,1.0,1.0,0.6805555555555556,0.6805555555555556
rigid_rotation_fixed,spatrackerv2_gt_geometry_fp32_math,visible,0.0063340794295072556,0.006458580493927002,-0.0001245010644197464,1.0,1.0,0.960164171897634,0.9521970062771608
rigid_rotation_fixed,spatrackerv2_gt_geometry_fp32_math,foreground_visible,0.09488412737846375,0.0973569005727768,-0.0024727731943130493,1.0,1.0,0.4444444444444444,0.2175925925925926
rigid_rotation_fixed,delta_gt_geometry,visible,0.00563225569203496,0.005366332363337278,0.0002659233286976814,1.0,1.0,0.8561081603090295,0.8681796233703525
rigid_rotation_fixed,delta_gt_geometry,foreground_visible,0.013694439083337784,0.008810588158667088,0.004883850924670696,1.0,1.0,0.5462962962962963,0.6666666666666666
rigid_rotation_orbit,cotracker3_gt_geometry,visible,0.02303771674633026,0.023219136521220207,-0.00018141977488994598,1.0,1.0,0.3243679397525551,0.33162990855298546
rigid_rotation_orbit,cotracker3_gt_geometry,foreground_visible,0.02010234445333481,0.02020357921719551,-0.00010123476386070251,1.0,1.0,0.5765765765765766,0.5540540540540541
rigid_rotation_orbit,spatrackerv2_gt_geometry_fp32_math,visible,0.020368492230772972,0.01673245057463646,0.0036360416561365128,1.0,1.0,0.7947821409359871,0.8539537385691232
rigid_rotation_orbit,spatrackerv2_gt_geometry_fp32_math,foreground_visible,0.1494685709476471,0.16308923065662384,-0.013620659708976746,1.0,1.0,0.2972972972972973,0.15315315315315314
rigid_rotation_orbit,delta_gt_geometry,visible,0.05028534680604935,0.08477949351072311,-0.03449414670467377,1.0,1.0,0.1589564281871974,0.0884884346422808
rigid_rotation_orbit,delta_gt_geometry,foreground_visible,0.029293615370988846,0.06376845389604568,-0.03447483852505684,1.0,1.0,0.25225225225225223,0.19369369369369369
static_scene_fixed,cotracker3_gt_geometry,visible,0.0014587239129468799,0.0013865218497812748,7.220206316560507e-05,1.0,1.0,1.0,1.0
static_scene_fixed,cotracker3_gt_geometry,foreground_visible,0.000963481783401221,0.0008991307695396245,6.435101386159658e-05,1.0,1.0,1.0,1.0
static_scene_fixed,spatrackerv2_gt_geometry_fp32_math,visible,0.0010333287063986063,0.0010861108312383294,-5.278212483972311e-05,1.0,1.0,1.0,0.9988162878787878
static_scene_fixed,spatrackerv2_gt_geometry_fp32_math,foreground_visible,0.0013648729072883725,0.0010125348344445229,0.00035233807284384966,1.0,1.0,1.0,1.0
static_scene_fixed,delta_gt_geometry,visible,0.007442804519087076,0.005039492156356573,0.002403312362730503,1.0,1.0,0.7163825757575758,0.8695549242424242
static_scene_fixed,delta_gt_geometry,foreground_visible,0.004894904792308807,0.003687212010845542,0.0012076927814632654,1.0,1.0,0.8993055555555556,0.9479166666666666
static_scene_orbit,cotracker3_gt_geometry,visible,0.02088158018887043,0.020412929356098175,0.00046865083277225494,1.0,1.0,0.3339483394833948,0.34185556141275697
static_scene_orbit,cotracker3_gt_geometry,foreground_visible,0.01192237064242363,0.011469162069261074,0.0004532085731625557,1.0,1.0,0.7451737451737451,0.7722007722007722
static_scene_orbit,spatrackerv2_gt_geometry_fp32_math,visible,0.005489723291248083,0.010055060498416424,-0.004565337207168341,1.0,1.0,0.8919346336320506,0.8956246705324196
static_scene_orbit,spatrackerv2_gt_geometry_fp32_math,foreground_visible,0.003672014456242323,0.002855171449482441,0.000816843006759882,1.0,1.0,0.9845559845559846,1.0
static_scene_orbit,delta_gt_geometry,visible,0.055664099752902985,0.054343145340681076,0.0013209544122219086,1.0,1.0,0.12045334739061676,0.11017395888244597
static_scene_orbit,delta_gt_geometry,foreground_visible,0.024404259398579597,0.03246011584997177,-0.008055856451392174,1.0,1.0,0.23166023166023167,0.3667953667953668
