clip,codec,short17_epe_m,long33_first17_epe_m,shared_first17_reconstruction_difference_m
articulated_links_fixed,ltx,0.007592324968365321,0.007492544229253632,0.0020087220030129515
articulated_links_fixed,wan,0.005075627762798918,0.005075627762798918,0.0
articulated_links_orbit,ltx,0.007592324968365321,0.007492544229253632,0.0020087220030129515
articulated_links_orbit,wan,0.005075627762798918,0.005075627762798918,0.0
depth_speed_out_of_view_stress_fixed,ltx,0.008218398506891962,0.007725134431560673,0.002231318048116245
depth_speed_out_of_view_stress_fixed,wan,0.005377903180290042,0.005377903180290042,0.0
depth_speed_out_of_view_stress_orbit,ltx,0.008218398506891962,0.007725134431560673,0.002231318048116245
depth_speed_out_of_view_stress_orbit,wan,0.005377903180290042,0.005377903180290042,0.0
object_translation_fixed,ltx,0.005984605259138936,0.0057915417705189315,0.0014569191316555962
object_translation_fixed,wan,0.003993338205927963,0.003993338205927963,0.0
object_translation_orbit,ltx,0.005984605259138936,0.0057915417705189315,0.0014569191316555962
object_translation_orbit,wan,0.003993338205927963,0.003993338205927963,0.0
occlusion_and_return_fixed,ltx,0.006657687634077854,0.006188865713330415,0.002043957650257567
occlusion_and_return_fixed,wan,0.0048096571765429835,0.0048096571765429835,0.0
occlusion_and_return_orbit,ltx,0.006657687634077854,0.006188865713330415,0.002043957650257567
occlusion_and_return_orbit,wan,0.0048096571765429835,0.0048096571765429835,0.0
rigid_rotation_fixed,ltx,0.006308936599514592,0.006121841337551158,0.001575807625761404
rigid_rotation_fixed,wan,0.004008842195921923,0.004008842195921923,0.0
rigid_rotation_orbit,ltx,0.006308936599514592,0.006121841337551158,0.001575807625761404
rigid_rotation_orbit,wan,0.004008842195921923,0.004008842195921923,0.0
static_scene_fixed,ltx,0.00522016168220535,0.005373086282796004,0.0009219899125968275
static_scene_fixed,wan,0.0035334085687964076,0.0035334085687964076,0.0
static_scene_orbit,ltx,0.00522016168220535,0.005373086282796004,0.0009219899125968275
static_scene_orbit,wan,0.0035334085687964076,0.0035334085687964076,0.0
