method,clip,visible_epe_m,visible_coverage,foreground_visible_epe_m,foreground_object_macro_visible_epe_m,velocity_epe_m_per_s,acceleration_epe_m_per_s2,dx_mae_m,dy_mae_m,dz_mae_m
cotracker3_gt_geometry,articulated_links_fixed,0.006704259198158979,1.0,0.01752435974776745,0.01752435974776745,0.061244025347335584,1.7589130286683725,0.004896759055554867,0.0026141665875911713,0.015004437416791916
cotracker3_gt_geometry,articulated_links_orbit,0.038001302629709244,1.0,0.014974403195083141,0.014974403195083141,0.20093460238405367,5.489674952121919,0.03231222927570343,0.010756702162325382,0.04085779935121536
cotracker3_gt_geometry,depth_speed_out_of_view_stress_fixed,0.006273758597671986,0.99830220713073,0.06932488828897476,0.048816152673680335,0.10857349547681608,3.703049582936923,0.005663137882947922,0.0018523685866966844,0.01671595312654972
cotracker3_gt_geometry,depth_speed_out_of_view_stress_orbit,0.033337950706481934,0.996547144754316,0.08555358648300171,0.06557010067626834,0.23769746777090747,7.213701291541498,0.0355338416993618,0.008580386638641357,0.03480008617043495
cotracker3_gt_geometry,object_translation_fixed,0.004344614688307047,1.0,0.011648660525679588,0.007678908761590719,0.061644286264745954,2.2485569220174493,0.0024082104209810495,0.0019063816871494055,0.009908988140523434
cotracker3_gt_geometry,object_translation_orbit,0.02635372243821621,1.0,0.02902306243777275,0.019298292230814695,0.23743211960784788,7.728023775939637,0.02777922712266445,0.008103732019662857,0.03511673957109451
cotracker3_gt_geometry,occlusion_and_return_fixed,0.005846639629453421,1.0,0.0032622069120407104,0.0035924000258091837,0.13771804319142256,5.126774571150614,0.009420610032975674,0.002490442944690585,0.036164820194244385
cotracker3_gt_geometry,occlusion_and_return_orbit,0.027754127979278564,1.0,0.006071167066693306,0.006073027616366744,0.27386869039803646,8.562312632353173,0.03791080042719841,0.008187072351574898,0.059391334652900696
cotracker3_gt_geometry,rigid_rotation_fixed,0.0033179582096636295,1.0,0.013142300769686699,0.011932627414353192,0.025906423377079286,0.6627726967092801,0.002622792264446616,0.001927438541315496,0.004697974771261215
cotracker3_gt_geometry,rigid_rotation_orbit,0.02303771674633026,1.0,0.02010234445333481,0.01635034242644906,0.23597459102990162,7.6632974298082095,0.02355002425611019,0.00559408962726593,0.026340758427977562
cotracker3_gt_geometry,static_scene_fixed,0.0014587239129468799,1.0,0.000963481783401221,0.0010154333722312003,0.003340275588116583,0.07692540413385461,0.001203669118694961,0.0005931084742769599,9.478640801676973e-17
cotracker3_gt_geometry,static_scene_orbit,0.02088158018887043,1.0,0.01192237064242363,0.015111067797988653,0.259379063978116,8.965188072931381,0.023877816274762154,0.006386728957295418,0.03432106971740723
delta_gt_geometry,articulated_links_fixed,0.008291034959256649,1.0,0.05855279788374901,0.05855279788374901,0.03649975267200327,0.9602763336063782,0.0035040818620473146,0.0026403621304780245,0.006006043404340744
delta_gt_geometry,articulated_links_orbit,0.04272288456559181,1.0,0.04424751549959183,0.04424751549959183,0.09483614713293945,2.2368392206146464,0.018203480169177055,0.008662191219627857,0.03454437479376793
delta_gt_geometry,depth_speed_out_of_view_stress_fixed,0.018479222431778908,1.0,0.03641245514154434,0.02722125849686563,0.04243123663786572,0.8289757462468604,0.012660948559641838,0.003428247757256031,0.00985413696616888
delta_gt_geometry,depth_speed_out_of_view_stress_orbit,0.044514499604701996,1.0,0.05483075976371765,0.05255684442818165,0.11821002390703404,2.2983858679041407,0.022520946338772774,0.01102304458618164,0.03935901075601578
delta_gt_geometry,object_translation_fixed,0.008085766807198524,1.0,0.0379883348941803,0.023966451233718544,0.029400844460314986,0.7990088847576938,0.0016028211684897542,0.0014993299264460802,0.007596857845783234
delta_gt_geometry,object_translation_orbit,0.048378802835941315,1.0,0.07025381922721863,0.0535897072404623,0.09907126812817922,2.154967034470013,0.018631063401699066,0.011783324182033539,0.039507441222667694
delta_gt_geometry,occlusion_and_return_fixed,0.004834027029573917,1.0,0.012201916426420212,0.013520724256522954,0.023237784522769655,0.6595881416959698,0.0010289228521287441,0.0009208941482938826,0.004678537603467703
delta_gt_geometry,occlusion_and_return_orbit,0.05600909888744354,1.0,0.042679477483034134,0.04189888946712017,0.10775179399600925,2.3805354288518914,0.026957185938954353,0.012232939712703228,0.04937043413519859
delta_gt_geometry,rigid_rotation_fixed,0.00563225569203496,1.0,0.013694439083337784,0.01279993006028235,0.026766515952256313,0.704942879360344,0.0020756961312144995,0.0016214223578572273,0.006065649911761284
delta_gt_geometry,rigid_rotation_orbit,0.05028534680604935,1.0,0.029293615370988846,0.028307288885116577,0.11505679977403538,2.555250855707223,0.020714495331048965,0.009469459764659405,0.040495652705430984
delta_gt_geometry,static_scene_fixed,0.007442804519087076,1.0,0.004894904792308807,0.005132740829139948,0.01845382111494666,0.44932347334252737,0.001904351869598031,0.0015877503901720047,0.006841280963271856
delta_gt_geometry,static_scene_orbit,0.055664099752902985,1.0,0.024404259398579597,0.02673626970499754,0.10019233921618038,2.0495551769953555,0.02827787771821022,0.012767734937369823,0.04473203793168068
gt_uv_exact_front_ray,articulated_links_fixed,8.035014320562084e-10,1.0,1.3448929081505412e-08,1.3448929081505412e-08,0.03430105729305546,1.0791812005941437,0.0006052954122424126,0.00047855745651759207,0.012139718979597092
gt_uv_exact_front_ray,articulated_links_orbit,1.1687614209776598e-09,1.0,1.4382580459937344e-08,1.4382580459937344e-08,0.0498285312319959,1.573171412739985,0.009909715503454208,0.0007487859111279249,0.019982565194368362
gt_uv_exact_front_ray,depth_speed_out_of_view_stress_fixed,1.7026786647278414e-09,1.0,3.85722209728101e-08,2.6591454371782675e-08,0.08188015005886165,3.017022421671516,0.0028024506755173206,0.000567370094358921,0.013240772299468517
gt_uv_exact_front_ray,depth_speed_out_of_view_stress_orbit,1.7005165053873839e-09,1.0,3.532005266038141e-08,2.6234710515105064e-08,0.0744934288444472,2.805323274796237,0.0008934866636991501,0.0005104540032334626,0.013060490600764751
gt_uv_exact_front_ray,object_translation_fixed,2.0306305525963353e-09,1.0,2.4119509944853235e-08,1.473969923893037e-08,0.030278778624401176,1.1316877619943813,0.0003751509066205472,0.0006285305717028677,0.008147361688315868
gt_uv_exact_front_ray,object_translation_orbit,2.6955435661335514e-09,1.0,2.7030244709180806e-08,1.7161729981562956e-08,0.07383493209889308,2.59920142754342,0.012348374351859093,0.0018056714907288551,0.027443913742899895
gt_uv_exact_front_ray,occlusion_and_return_fixed,6.548754871715801e-10,1.0,7.753802044874192e-09,8.77403927290743e-09,0.11982693476794126,4.6685498607811935,0.004551829304546118,0.0015406757593154907,0.035954881459474564
gt_uv_exact_front_ray,occlusion_and_return_orbit,1.2908020208257653e-09,1.0,1.1748600314831492e-08,1.2360268364375315e-08,0.10186590983323798,3.2110723344095797,0.0166556965559721,0.003998062573373318,0.05001666396856308
gt_uv_exact_front_ray,rigid_rotation_fixed,3.4674088600361586e-10,1.0,6.649077288756189e-09,5.984170048378701e-09,0.010313209084072048,0.3550730568820378,0.0002158441348001361,0.00010735409159678966,0.002891374286264181
gt_uv_exact_front_ray,rigid_rotation_orbit,1.7627326265312604e-09,1.0,2.652423525262293e-08,2.0090706875919295e-08,0.04539056657066381,1.6206775221051541,0.008881479501724243,0.0008346154354512691,0.01798071712255478
gt_uv_exact_front_ray,static_scene_fixed,0.0,1.0,0.0,0.0,0.0,0.0,0.0,0.0,0.0
gt_uv_exact_front_ray,static_scene_orbit,1.3264187526118576e-09,1.0,1.6799603486106207e-08,2.4524295039185517e-08,0.028656935188759756,1.002598496722627,0.009722596034407616,0.0006703186663798988,0.018564948812127113
gt_uv_gt_front_depth,articulated_links_fixed,0.0013686544261872768,0.9990363767766803,0.02326151542365551,0.02326151542365551,0.07561712563562946,2.700761230368864,0.0006989935063757002,0.0005387357086874545,0.013526363298296928
gt_uv_gt_front_depth,articulated_links_orbit,0.0044716596603393555,1.0,0.004278196953237057,0.004278196953237057,0.17902698261150257,5.730081203414042,0.011934887617826462,0.0016654084902256727,0.02506336010992527
gt_uv_gt_front_depth,depth_speed_out_of_view_stress_fixed,0.0010392231633886695,0.9997574581615328,0.023666732013225555,0.01634991727769375,0.104286246059993,3.8403733911273066,0.002963381353765726,0.0006313610938377678,0.014335457235574722
gt_uv_gt_front_depth,depth_speed_out_of_view_stress_orbit,0.005495115183293819,0.9989375830013281,0.02095547690987587,0.01577103411545977,0.2260950470473202,7.424406094316987,0.0026084952987730503,0.0015098690055310726,0.01922457106411457
gt_uv_gt_front_depth,object_translation_fixed,0.0017211595550179482,1.0,0.020443659275770187,0.012493346817791462,0.09236512286530893,3.5862891703730546,0.0005058636888861656,0.0008469061576761305,0.009827539324760437
gt_uv_gt_front_depth,object_translation_orbit,0.006907612085342407,1.0,0.026655787602066994,0.01682439271826297,0.27464602623939144,9.650861460835454,0.01525548193603754,0.0031211376190185547,0.03491160273551941
gt_uv_gt_front_depth,occlusion_and_return_fixed,0.0001181653278763406,1.0,0.001399091212078929,0.0015831822529435158,0.11986266540080544,4.668322443376681,0.004564519971609116,0.0015454256208613515,0.036065734922885895
gt_uv_gt_front_depth,occlusion_and_return_orbit,0.0050201392732560635,1.0,0.0033247957471758127,0.003455824451521039,0.2404112617376418,7.641445335016426,0.01968415267765522,0.00526277394965291,0.05850309506058693
gt_uv_gt_front_depth,rigid_rotation_fixed,0.0003823759616352618,1.0,0.007332413457334042,0.006599171552807093,0.05829631494832981,2.2627264924074604,0.00028252697666175663,0.00018623407231643796,0.004823131952434778
gt_uv_gt_front_depth,rigid_rotation_orbit,0.006652818527072668,0.9994620763851533,0.022877655923366547,0.017695185029879212,0.3067521788993973,11.042338538006678,0.011796380393207073,0.0018780333921313286,0.026778241619467735
gt_uv_gt_front_depth,static_scene_fixed,0.0,1.0,0.0,0.0,0.0,0.0,0.0,0.0,0.0
gt_uv_gt_front_depth,static_scene_orbit,0.004718406591564417,1.0,0.00882816407829523,0.01263166288845241,0.1721513674726874,5.715358417275675,0.011938421986997128,0.0016136955237016082,0.024255728349089622
spatrackerv2_gt_geometry_fp32_math,articulated_links_fixed,0.03078930638730526,1.0,0.3930836617946625,0.3930836617946625,0.0644849330263209,0.5848925974644937,0.016756802797317505,0.010434464551508427,0.02682068757712841
spatrackerv2_gt_geometry_fp32_math,articulated_links_orbit,0.05532684549689293,1.0,0.44445550441741943,0.44445550441741943,0.11658713568146988,1.3055929730660445,0.03206942230463028,0.01944112405180931,0.044877003878355026
spatrackerv2_gt_geometry_fp32_math,depth_speed_out_of_view_stress_fixed,0.0422360897064209,1.0,0.6789510250091553,0.46907327976077795,0.0857443619590403,0.9036609379849158,0.052645400166511536,0.007234646938741207,0.013248317874968052
spatrackerv2_gt_geometry_fp32_math,depth_speed_out_of_view_stress_orbit,0.049812451004981995,1.0,0.4332696795463562,0.3151978364912793,0.13214074405103515,2.039539328838129,0.06363625824451447,0.01024839747697115,0.01701866090297699
spatrackerv2_gt_geometry_fp32_math,object_translation_fixed,0.02459062449634075,1.0,0.20523709058761597,0.22240421175956726,0.039452321838467364,0.4085020464234759,0.012502538040280342,0.004697202704846859,0.02022957243025303
spatrackerv2_gt_geometry_fp32_math,object_translation_orbit,0.027556162327528,1.0,0.21007715165615082,0.2249777615070343,0.0645470560096292,1.2307570206861465,0.01531524583697319,0.005844522267580032,0.02245289646089077
spatrackerv2_gt_geometry_fp32_math,occlusion_and_return_fixed,0.018804186955094337,1.0,0.1449454128742218,0.1638165733893402,0.04186498200134414,0.5185767493215412,0.025235719978809357,0.0006164229125715792,0.0006521488539874554
spatrackerv2_gt_geometry_fp32_math,occlusion_and_return_orbit,0.026208754628896713,1.0,0.16225554049015045,0.18131145276129246,0.08167009812077752,1.4912038575589737,0.038518235087394714,0.002961006946861744,0.00468826899304986
spatrackerv2_gt_geometry_fp32_math,rigid_rotation_fixed,0.0063340794295072556,1.0,0.09488412737846375,0.08565675315912813,0.024363835353254454,0.25396755397708776,0.007727664429694414,0.0030128932558000088,0.007024476304650307
spatrackerv2_gt_geometry_fp32_math,rigid_rotation_orbit,0.020368492230772972,1.0,0.1494685709476471,0.10732603480573744,0.05920285448704121,1.2141810598166736,0.016211235895752907,0.0057615372352302074,0.011982971802353859
spatrackerv2_gt_geometry_fp32_math,static_scene_fixed,0.0010333287063986063,1.0,0.0013648729072883725,0.0012943628244102001,0.006352813847390823,0.170201688737057,0.0005515089142136276,0.00040504010394215584,0.0005931493942625821
spatrackerv2_gt_geometry_fp32_math,static_scene_orbit,0.005489723291248083,1.0,0.003672014456242323,0.003459299332462251,0.03524372141570355,1.0547443412327506,0.004020244814455509,0.0018400049302726984,0.0030759067740291357
zero_motion_xyz,articulated_links_fixed,0.025883905589580536,1.0,0.43324223160743713,0.43324223160743713,0.048175535058311125,0.09455446104984537,0.015613570809364319,0.009735578671097755,0.023365387693047523
zero_motion_xyz,articulated_links_orbit,0.030527299270033836,1.0,0.4445244371891022,0.4445244371891022,0.048175535058311125,0.09455446104984537,0.015613570809364319,0.009735578671097755,0.023365387693047523
zero_motion_xyz,depth_speed_out_of_view_stress_fixed,0.03118308074772358,1.0,0.7064166069030762,0.48699939250946045,0.05348702584778635,8.366227110458692e-07,0.0429687462747097,0.005919472314417362,0.008112984709441662
zero_motion_xyz,depth_speed_out_of_view_stress_orbit,0.02428438887000084,1.0,0.5678926706314087,0.4118500351905823,0.05348702584778635,8.366227110458692e-07,0.0429687462747097,0.005919472314417362,0.008112984709441662
zero_motion_xyz,object_translation_fixed,0.017890973016619682,1.0,0.21250614523887634,0.1298648715019226,0.022142523854221212,0.013797148547132454,0.0087890625,0.0029498443473130465,0.01496430765837431
zero_motion_xyz,object_translation_orbit,0.01983615942299366,1.0,0.21250614523887634,0.1298648715019226,0.022142523854221212,0.013797148547132454,0.0087890625,0.0029498443473130465,0.01496430765837431
zero_motion_xyz,occlusion_and_return_fixed,0.025504082441329956,1.0,0.30197131633758545,0.3417043685913086,0.03693181682716717,5.637096175315851e-07,0.03046875260770321,0.0,0.0
zero_motion_xyz,occlusion_and_return_orbit,0.029879899695515633,1.0,0.31278902292251587,0.3513798713684082,0.03693181682716717,5.637096175315851e-07,0.03046875260770321,0.0,0.0
zero_motion_xyz,rigid_rotation_fixed,0.004822514019906521,1.0,0.09247617423534393,0.08322855830192566,0.015211708470770984,0.023888356892251966,0.006981727201491594,0.0025390845257788897,0.006093800533562899
zero_motion_xyz,rigid_rotation_orbit,0.00865547638386488,1.0,0.1449597328901291,0.10314442217350006,0.015211708470770984,0.023888356892251966,0.006981727201491594,0.0025390845257788897,0.006093800533562899
zero_motion_xyz,static_scene_fixed,0.0,1.0,0.0,0.0,0.0,0.0,0.0,0.0,0.0
zero_motion_xyz,static_scene_orbit,0.0,1.0,0.0,0.0,0.0,0.0,0.0,0.0,0.0
