condition,clip,archetype,camera,metric,wan_mm,ltx_mm,delta_ltx_minus_wan_mm,winner
debug_g16,articulated_links_fixed,articulated_links,fixed,overall,5.075627762798918,7.592324968365321,2.5166972055664028,Wan
debug_g16,articulated_links_fixed,articulated_links,fixed,foreground,23.124705193436675,37.55928075423868,14.434575560802003,Wan
debug_g16,articulated_links_orbit,articulated_links,orbit,overall,5.075627762798918,7.592324968365321,2.5166972055664028,Wan
debug_g16,articulated_links_orbit,articulated_links,orbit,foreground,23.124705193436675,37.55928075423868,14.434575560802003,Wan
debug_g16,depth_speed_out_of_view_stress_fixed,depth_speed_out_of_view_stress,fixed,overall,5.377903180290042,8.218398506891962,2.8404953266019195,Wan
debug_g16,depth_speed_out_of_view_stress_fixed,depth_speed_out_of_view_stress,fixed,foreground,29.20246319382074,48.06629231267719,18.86382911885645,Wan
debug_g16,depth_speed_out_of_view_stress_orbit,depth_speed_out_of_view_stress,orbit,overall,5.377903180290042,8.218398506891962,2.8404953266019195,Wan
debug_g16,depth_speed_out_of_view_stress_orbit,depth_speed_out_of_view_stress,orbit,foreground,29.20246319382074,48.06629231267719,18.86382911885645,Wan
debug_g16,object_translation_fixed,object_translation,fixed,overall,3.993338205927963,5.984605259138935,1.9912670532109722,Wan
debug_g16,object_translation_fixed,object_translation,fixed,foreground,6.499096452430848,9.105687740950582,2.606591288519734,Wan
debug_g16,object_translation_orbit,object_translation,orbit,overall,3.993338205927963,5.984605259138935,1.9912670532109722,Wan
debug_g16,object_translation_orbit,object_translation,orbit,foreground,6.499096452430848,9.105687740950582,2.606591288519734,Wan
debug_g16,occlusion_and_return_fixed,occlusion_and_return,fixed,overall,4.809657176542983,6.657687634077854,1.848030457534871,Wan
debug_g16,occlusion_and_return_fixed,occlusion_and_return,fixed,foreground,10.201157146553271,13.28406492520345,3.0829077786501795,Wan
debug_g16,occlusion_and_return_orbit,occlusion_and_return,orbit,overall,4.809657176542983,6.657687634077854,1.848030457534871,Wan
debug_g16,occlusion_and_return_orbit,occlusion_and_return,orbit,foreground,10.201157146553271,13.28406492520345,3.0829077786501795,Wan
debug_g16,rigid_rotation_fixed,rigid_rotation,fixed,overall,4.008842195921923,6.308936599514592,2.300094403592669,Wan
debug_g16,rigid_rotation_fixed,rigid_rotation,fixed,foreground,8.31456214040903,16.882071584709458,8.567509444300427,Wan
debug_g16,rigid_rotation_orbit,rigid_rotation,orbit,overall,4.008842195921923,6.308936599514592,2.300094403592669,Wan
debug_g16,rigid_rotation_orbit,rigid_rotation,orbit,foreground,8.31456214040903,16.882071584709458,8.567509444300427,Wan
debug_g16,static_scene_fixed,static_scene,fixed,overall,3.5334085687964074,5.220161682205349,1.6867531134089417,Wan
debug_g16,static_scene_fixed,static_scene,fixed,foreground,3.760046035165923,5.862577378712121,2.102531343546198,Wan
debug_g16,static_scene_orbit,static_scene,orbit,overall,3.5334085687964074,5.220161682205349,1.6867531134089417,Wan
debug_g16,static_scene_orbit,static_scene,orbit,foreground,3.760046035165923,5.862577378712121,2.102531343546198,Wan
textured_g64,articulated_links_fixed,articulated_links,fixed,overall,4.99556832894862,7.309396911185741,2.3138285822371207,Wan
textured_g64,articulated_links_fixed,articulated_links,fixed,foreground,25.23305527245439,30.28777371789441,5.05471844544002,Wan
textured_g64,articulated_links_orbit,articulated_links,orbit,overall,4.99556832894862,7.309396911185741,2.3138285822371207,Wan
textured_g64,articulated_links_orbit,articulated_links,orbit,foreground,25.23305527245439,30.28777371789441,5.05471844544002,Wan
textured_g64,depth_speed_out_of_view_stress_fixed,depth_speed_out_of_view_stress,fixed,overall,5.174593544075212,7.455385179330717,2.280791635255505,Wan
textured_g64,depth_speed_out_of_view_stress_fixed,depth_speed_out_of_view_stress,fixed,foreground,20.4103452389762,27.495588071556146,7.085242832579947,Wan
textured_g64,depth_speed_out_of_view_stress_orbit,depth_speed_out_of_view_stress,orbit,overall,5.174593544075212,7.455385179330717,2.280791635255505,Wan
textured_g64,depth_speed_out_of_view_stress_orbit,depth_speed_out_of_view_stress,orbit,foreground,20.4103452389762,27.495588071556146,7.085242832579947,Wan
textured_g64,object_translation_fixed,object_translation,fixed,overall,3.5927355750681804,6.100691529000126,2.5079559539319454,Wan
textured_g64,object_translation_fixed,object_translation,fixed,foreground,6.863792028739696,10.439012269987797,3.5752202412481013,Wan
textured_g64,object_translation_orbit,object_translation,orbit,overall,3.5927355750681804,6.100691529000126,2.5079559539319454,Wan
textured_g64,object_translation_orbit,object_translation,orbit,foreground,6.863792028739696,10.439012269987797,3.5752202412481013,Wan
textured_g64,occlusion_and_return_fixed,occlusion_and_return,fixed,overall,4.356430757150332,6.5877151628774895,2.2312844057271572,Wan
textured_g64,occlusion_and_return_fixed,occlusion_and_return,fixed,foreground,9.62545265614128,14.564099712315905,4.938647056174625,Wan
textured_g64,occlusion_and_return_orbit,occlusion_and_return,orbit,overall,4.356430757150332,6.5877151628774895,2.2312844057271572,Wan
textured_g64,occlusion_and_return_orbit,occlusion_and_return,orbit,foreground,9.62545265614128,14.564099712315905,4.938647056174625,Wan
textured_g64,rigid_rotation_fixed,rigid_rotation,fixed,overall,4.220110232867849,6.507447352768797,2.2873371199009487,Wan
textured_g64,rigid_rotation_fixed,rigid_rotation,fixed,foreground,11.328413874786964,17.684015556273373,6.355601681486409,Wan
textured_g64,rigid_rotation_orbit,rigid_rotation,orbit,overall,4.220110232867849,6.507447352768797,2.2873371199009487,Wan
textured_g64,rigid_rotation_orbit,rigid_rotation,orbit,foreground,11.328413874786964,17.684015556273373,6.355601681486409,Wan
textured_g64,static_scene_fixed,static_scene,fixed,overall,3.3229414092717264,5.172359449347271,1.8494180400755442,Wan
textured_g64,static_scene_fixed,static_scene,fixed,foreground,3.3801595304417735,5.440020373098421,2.0598608426566476,Wan
textured_g64,static_scene_orbit,static_scene,orbit,overall,3.3229414092717264,5.172359449347271,1.8494180400755442,Wan
textured_g64,static_scene_orbit,static_scene,orbit,foreground,3.3801595304417735,5.440020373098421,2.0598608426566476,Wan
