method,clip,camera,visible_epe_m,all_epe_m,visible_coverage,visible_pck_1cm
cotracker3_gt_geometry,articulated_links_fixed,fixed,0.07267899066209793,0.07834025472402573,1.0,0.2854696673189824
cotracker3_gt_geometry,articulated_links_orbit,orbit,0.2795303761959076,0.2918393611907959,1.0,0.017687434002111934
cotracker3_gt_geometry,depth_speed_out_of_view_stress_fixed,fixed,0.08576620370149612,0.09738989174365997,1.0,0.3061422675406652
cotracker3_gt_geometry,depth_speed_out_of_view_stress_orbit,orbit,0.2957884967327118,0.3117455244064331,1.0,0.017576564580559253
cotracker3_gt_geometry,object_translation_fixed,fixed,0.0387042872607708,0.047471072524785995,1.0,0.457311320754717
cotracker3_gt_geometry,object_translation_orbit,orbit,0.27451473474502563,0.2897820472717285,1.0,0.03198959687906372
cotracker3_gt_geometry,occlusion_and_return_fixed,fixed,0.02831047587096691,0.06241466850042343,1.0,0.5496145237503108
cotracker3_gt_geometry,occlusion_and_return_orbit,orbit,0.1904894858598709,0.22847317159175873,1.0,0.08091853471842538
cotracker3_gt_geometry,rigid_rotation_fixed,fixed,0.01602134481072426,0.023252379149198532,1.0,0.6084745762711864
cotracker3_gt_geometry,rigid_rotation_orbit,orbit,0.24126660823822021,0.25760617852211,1.0,0.024751143395211193
cotracker3_gt_geometry,static_scene_fixed,fixed,0.0061333198100328445,0.0061333198100328445,1.0,0.8035037878787878
cotracker3_gt_geometry,static_scene_orbit,orbit,0.22432516515254974,0.2535687983036041,1.0,0.03042433947157726
cotracker3_shared_front_initial_GT_scale,articulated_links_fixed,fixed,0.8148731589317322,0.8205356001853943,1.0,0.018835616438356163
cotracker3_shared_front_initial_GT_scale,articulated_links_orbit,orbit,1.4310895204544067,1.4857544898986816,1.0,0.014783526927138331
cotracker3_shared_front_initial_GT_scale,depth_speed_out_of_view_stress_fixed,fixed,0.09615614265203476,0.12166634202003479,1.0,0.059237679048312696
cotracker3_shared_front_initial_GT_scale,depth_speed_out_of_view_stress_orbit,orbit,0.20506197214126587,0.2227611094713211,1.0,0.008521970705725699
cotracker3_shared_front_initial_GT_scale,object_translation_fixed,fixed,0.0784483328461647,0.0878778025507927,1.0,0.052122641509433965
cotracker3_shared_front_initial_GT_scale,object_translation_orbit,orbit,0.18479131162166595,0.19838477671146393,1.0,0.025227568270481143
cotracker3_shared_front_initial_GT_scale,occlusion_and_return_fixed,fixed,0.3481043875217438,0.3704780638217926,1.0,0.08480477493160905
cotracker3_shared_front_initial_GT_scale,occlusion_and_return_orbit,orbit,0.40526607632637024,0.45442014932632446,1.0,0.02925095680699836
cotracker3_shared_front_initial_GT_scale,rigid_rotation_fixed,fixed,0.023340558633208275,0.030186576768755913,1.0,0.11501210653753027
cotracker3_shared_front_initial_GT_scale,rigid_rotation_orbit,orbit,0.19839826226234436,0.21256494522094727,1.0,0.0191014258810869
cotracker3_shared_front_initial_GT_scale,static_scene_fixed,fixed,0.008136287331581116,0.008136287331581116,1.0,0.7956912878787878
cotracker3_shared_front_initial_GT_scale,static_scene_orbit,orbit,0.18723367154598236,0.2037942260503769,1.0,0.02241793434747798
delta_gt_geometry,articulated_links_fixed,fixed,0.1112641990184784,0.11135722696781158,1.0,0.11081213307240705
delta_gt_geometry,articulated_links_orbit,orbit,0.394300639629364,0.3903181552886963,1.0,0.002375923970432946
delta_gt_geometry,depth_speed_out_of_view_stress_fixed,fixed,0.09294049441814423,0.09295355528593063,1.0,0.4518086914299587
delta_gt_geometry,depth_speed_out_of_view_stress_orbit,orbit,0.2200639396905899,0.2188524752855301,1.0,0.04553928095872171
delta_gt_geometry,object_translation_fixed,fixed,0.0615396611392498,0.06267678737640381,1.0,0.26108490566037734
delta_gt_geometry,object_translation_orbit,orbit,0.20620620250701904,0.21608977019786835,1.0,0.007022106631989597
delta_gt_geometry,occlusion_and_return_fixed,fixed,0.007148107513785362,0.007570127956569195,1.0,0.8167122606316837
delta_gt_geometry,occlusion_and_return_orbit,orbit,0.11989380419254303,0.1260896474123001,1.0,0.06205576817933297
delta_gt_geometry,rigid_rotation_fixed,fixed,0.01829090155661106,0.02104805037379265,1.0,0.6191283292978208
delta_gt_geometry,rigid_rotation_orbit,orbit,0.22629012167453766,0.23778463900089264,1.0,0.011299435028248588
delta_gt_geometry,static_scene_fixed,fixed,0.007915763184428215,0.007915763184428215,1.0,0.7353219696969697
delta_gt_geometry,static_scene_orbit,orbit,0.09253107011318207,0.09449377655982971,1.0,0.07552708833733654
gt_uv_exact_front_ray,articulated_links_fixed,fixed,6.981317992817145e-10,0.016166911201822072,1.0,1.0
gt_uv_exact_front_ray,articulated_links_orbit,orbit,1.4935480523540965e-09,0.022438331301133253,1.0,1.0
gt_uv_exact_front_ray,depth_speed_out_of_view_stress_fixed,fixed,1.7870155511892456e-09,0.013641548596245695,1.0,1.0
gt_uv_exact_front_ray,depth_speed_out_of_view_stress_orbit,orbit,1.8025331493881402e-09,0.014077435072830583,1.0,1.0
gt_uv_exact_front_ray,object_translation_fixed,fixed,1.992247430656347e-09,0.00960913402117351,1.0,1.0
gt_uv_exact_front_ray,object_translation_orbit,orbit,2.770625124865419e-09,0.028385781114413665,1.0,1.0
gt_uv_exact_front_ray,occlusion_and_return_fixed,fixed,1.1066871764379232e-09,0.038103235480049236,1.0,1.0
gt_uv_exact_front_ray,occlusion_and_return_orbit,orbit,1.919696356627607e-09,0.04116944429009323,1.0,1.0
gt_uv_exact_front_ray,rigid_rotation_fixed,fixed,2.9294350288628447e-10,0.004108112614313914,1.0,1.0
gt_uv_exact_front_ray,rigid_rotation_orbit,orbit,1.867160831070902e-09,0.028346413833901057,1.0,1.0
gt_uv_exact_front_ray,static_scene_fixed,fixed,0.0,0.0,1.0,1.0
gt_uv_exact_front_ray,static_scene_orbit,orbit,2.877827804987452e-10,0.03034979379787911,1.0,1.0
gt_uv_gt_front_depth,articulated_links_fixed,fixed,0.0023988268440481813,0.01980123395597753,1.0,0.9911937377690803
gt_uv_gt_front_depth,articulated_links_orbit,orbit,0.005292651985235083,0.02888392438802858,1.0,0.9076029567053854
gt_uv_gt_front_depth,depth_speed_out_of_view_stress_fixed,fixed,0.00010383274032665986,0.013843685953839915,1.0,0.9953872299101724
gt_uv_gt_front_depth,depth_speed_out_of_view_stress_orbit,orbit,0.005516192566024665,0.02023798332256697,1.0,0.9209054593874834
gt_uv_gt_front_depth,object_translation_fixed,fixed,0.00020840575080072524,0.009814821137656403,1.0,0.9950471698113208
gt_uv_gt_front_depth,object_translation_orbit,orbit,0.025643106842510012,0.05485143834197684,1.0,0.9214564369310794
gt_uv_gt_front_depth,occlusion_and_return_fixed,fixed,3.094578393803777e-07,0.03798292848359766,1.0,1.0
gt_uv_gt_front_depth,occlusion_and_return_orbit,orbit,0.0063778408645371884,0.050731602910916794,1.0,0.9371241115363587
gt_uv_gt_front_depth,rigid_rotation_fixed,fixed,0.0010431951056495815,0.005621704445599763,1.0,0.9946731234866828
gt_uv_gt_front_depth,rigid_rotation_orbit,orbit,0.006813709841014035,0.03665853743249281,1.0,0.9322033898305084
gt_uv_gt_front_depth,static_scene_fixed,fixed,0.0,0.0,1.0,1.0
gt_uv_gt_front_depth,static_scene_orbit,orbit,0.00555669113776807,0.037154437824596036,1.0,0.9359487590072058
spatrackerv2_gt_geometry,articulated_links_fixed,fixed,0.1437576860189438,0.1492535024881363,1.0,0.04354207436399217
spatrackerv2_gt_geometry,articulated_links_orbit,orbit,0.328253835439682,0.3399104177951813,1.0,0.0018479408658922914
spatrackerv2_gt_geometry,depth_speed_out_of_view_stress_fixed,fixed,0.07357942312955856,0.087666355073452,1.0,0.14882252974022822
spatrackerv2_gt_geometry,depth_speed_out_of_view_stress_orbit,orbit,0.4529309570789337,0.4854685962200165,1.0,0.0018641810918774966
spatrackerv2_gt_geometry,object_translation_fixed,fixed,0.11837142705917358,0.12021022289991379,1.0,0.11415094339622642
spatrackerv2_gt_geometry,object_translation_orbit,orbit,0.20352308452129364,0.20701871812343597,1.0,0.022886866059817945
spatrackerv2_gt_geometry,occlusion_and_return_fixed,fixed,0.03911362215876579,0.04981290176510811,1.0,0.8254165630440189
spatrackerv2_gt_geometry,occlusion_and_return_orbit,orbit,0.08068011701107025,0.09615539759397507,1.0,0.17960634226353198
spatrackerv2_gt_geometry,rigid_rotation_fixed,fixed,0.014558586291968822,0.020508255809545517,1.0,0.5690072639225182
spatrackerv2_gt_geometry,rigid_rotation_orbit,orbit,0.19759154319763184,0.20882634818553925,1.0,0.0325531342480495
spatrackerv2_gt_geometry,static_scene_fixed,fixed,0.003970548044890165,0.003970548044890165,1.0,0.9121685606060606
spatrackerv2_gt_geometry,static_scene_orbit,orbit,0.11556478589773178,0.12468039989471436,1.0,0.07606084867894315
spatrackerv2_gt_geometry_fp32_math,articulated_links_fixed,fixed,0.14061257243156433,0.14641906321048737,1.0,0.03840508806262231
spatrackerv2_gt_geometry_fp32_math,articulated_links_orbit,orbit,0.32566580176353455,0.33750811219215393,1.0,0.0015839493136219642
spatrackerv2_gt_geometry_fp32_math,depth_speed_out_of_view_stress_fixed,fixed,0.07508327066898346,0.08916309475898743,1.0,0.15756251517358583
spatrackerv2_gt_geometry_fp32_math,depth_speed_out_of_view_stress_orbit,orbit,0.453652024269104,0.4863017797470093,1.0,0.0034620505992010654
spatrackerv2_gt_geometry_fp32_math,object_translation_fixed,fixed,0.11684176325798035,0.11868361383676529,1.0,0.12193396226415094
spatrackerv2_gt_geometry_fp32_math,object_translation_orbit,orbit,0.20300666987895966,0.20646758377552032,1.0,0.02860858257477243
spatrackerv2_gt_geometry_fp32_math,occlusion_and_return_fixed,fixed,0.0386749766767025,0.04941089078783989,1.0,0.8448147227057946
spatrackerv2_gt_geometry_fp32_math,occlusion_and_return_orbit,orbit,0.0810372605919838,0.09636134654283524,1.0,0.1908146528157463
spatrackerv2_gt_geometry_fp32_math,rigid_rotation_fixed,fixed,0.014289258979260921,0.020244354382157326,1.0,0.5837772397094431
spatrackerv2_gt_geometry_fp32_math,rigid_rotation_orbit,orbit,0.19880329072475433,0.2101038098335266,1.0,0.0382028517621738
spatrackerv2_gt_geometry_fp32_math,static_scene_fixed,fixed,0.002908047055825591,0.002908047055825591,1.0,0.9595170454545454
spatrackerv2_gt_geometry_fp32_math,static_scene_orbit,orbit,0.11668610572814941,0.12578368186950684,1.0,0.07926341072858287
spatrackerv2_shared_front_initial_GT_scale,articulated_links_fixed,fixed,0.07467450201511383,0.0825604498386383,1.0,0.02054794520547945
spatrackerv2_shared_front_initial_GT_scale,articulated_links_orbit,orbit,0.1430562138557434,0.14747387170791626,1.0,0.0034318901795142554
spatrackerv2_shared_front_initial_GT_scale,depth_speed_out_of_view_stress_fixed,fixed,0.08313482999801636,0.09656977653503418,1.0,0.03593105122602573
spatrackerv2_shared_front_initial_GT_scale,depth_speed_out_of_view_stress_orbit,orbit,0.5502881407737732,0.5669553279876709,1.0,0.0
spatrackerv2_shared_front_initial_GT_scale,object_translation_fixed,fixed,0.07729583978652954,0.07771612703800201,1.0,0.01839622641509434
spatrackerv2_shared_front_initial_GT_scale,object_translation_orbit,orbit,0.10454587638378143,0.10477114468812943,1.0,0.015604681404421327
spatrackerv2_shared_front_initial_GT_scale,occlusion_and_return_fixed,fixed,0.05122596397995949,0.06174825131893158,1.0,0.30340711265854264
spatrackerv2_shared_front_initial_GT_scale,occlusion_and_return_orbit,orbit,0.09016112238168716,0.09675993770360947,1.0,0.028977583378895572
spatrackerv2_shared_front_initial_GT_scale,rigid_rotation_fixed,fixed,0.018965542316436768,0.024633705615997314,1.0,0.23268765133171912
spatrackerv2_shared_front_initial_GT_scale,rigid_rotation_orbit,orbit,0.046651195734739304,0.05165896564722061,1.0,0.06053268765133172
spatrackerv2_shared_front_initial_GT_scale,static_scene_fixed,fixed,0.008636290207505226,0.008636290207505226,1.0,0.8555871212121212
spatrackerv2_shared_front_initial_GT_scale,static_scene_orbit,orbit,0.03610555827617645,0.03824027255177498,1.0,0.13824392847611422
zero_motion_xyz,articulated_links_fixed,fixed,0.016884025186300278,0.028456009924411774,1.0,0.9596379647749511
zero_motion_xyz,articulated_links_orbit,orbit,0.02671659365296364,0.028456009924411774,1.0,0.939545934530095
zero_motion_xyz,depth_speed_out_of_view_stress_fixed,fixed,0.029824957251548767,0.04412679374217987,1.0,0.9686817188638019
zero_motion_xyz,depth_speed_out_of_view_stress_orbit,orbit,0.023954210802912712,0.04412679374217987,1.0,0.9707057256990679
zero_motion_xyz,object_translation_fixed,fixed,0.01764201931655407,0.017444534227252007,1.0,0.9320754716981132
zero_motion_xyz,object_translation_orbit,orbit,0.01945439726114273,0.017444534227252007,1.0,0.9250975292587776
zero_motion_xyz,occlusion_and_return_fixed,fixed,0.03511875122785568,0.04570312798023224,1.0,0.948520268589903
zero_motion_xyz,occlusion_and_return_orbit,orbit,0.04136908799409866,0.04570312798023224,1.0,0.941771459814106
zero_motion_xyz,rigid_rotation_fixed,fixed,0.004894196055829525,0.01106959581375122,1.0,0.9709443099273608
zero_motion_xyz,rigid_rotation_orbit,orbit,0.00876103900372982,0.01106959581375122,1.0,0.9580306698950767
zero_motion_xyz,static_scene_fixed,fixed,0.0,0.0,1.0,1.0
zero_motion_xyz,static_scene_orbit,orbit,0.0,0.0,1.0,1.0
