clip,source,codec,tracking_epe_m,range_epe_m,raster_epe_m,codec_self_epe_m,decoded_gt_epe_m,foreground_decoded_gt_epe_m,background_decoded_gt_epe_m,finite_coverage,inference_seconds,peak_gpu_gb,decoder_overshoot_fraction
articulated_links_fixed,cotracker3_gt_geometry,ltx,0.06270377234996427,0.0009197315713126128,0.0015914652172314466,0.010835652577395672,0.059530297047309444,0.07082172320531802,0.05880181794034115,1.0,3.2350877119997676,2.789756416,0.04827432071461397
articulated_links_fixed,cotracker3_gt_geometry,wan,0.06270377234996427,0.0009197315713126128,0.0015914652172314466,0.006874189346771908,0.060481553610099215,0.05575997756538634,0.06078617141943552,1.0,2.745816743999967,4.19947776,0.0018412272135416667
articulated_links_fixed,delta_gt_geometry,ltx,0.06964269213245504,0.00011571400726538603,0.0017528370041809756,0.010643207520596991,0.06762439512719481,0.04593636061100838,0.06902362316049716,1.0,3.1694871560002866,2.789756416,0.06023780972349877
articulated_links_fixed,delta_gt_geometry,wan,0.06964269213245504,0.00011571400726538603,0.0017528370041809756,0.006937079464758318,0.06884390703306258,0.0351986301687592,0.071014570056566,1.0,2.7144370249998246,4.19947776,0.0025583902994791665
articulated_links_fixed,gt,ltx,0.0,0.0,0.0007005657562168579,0.007010419006162941,0.007592324968365321,0.03755928075423868,0.005658972982179942,1.0,0.9533235139997487,2.789756416,0.07193860820695466
articulated_links_fixed,gt,wan,0.0,0.0,0.0007005657562168579,0.004510329486682916,0.005075627762798918,0.023124705193436675,0.003911171154370675,1.0,0.8639630799998486,4.19947776,0.0012688730277267157
articulated_links_fixed,gt_uv_gt_front_depth,ltx,0.020291009424510575,0.012169902835244386,0.0010870675497559373,0.00914194857320902,0.014635655791380736,0.07711354336137713,0.010604824335251938,1.0,0.02319599299971742,2.789756416,0.07643426633348652
articulated_links_fixed,gt_uv_gt_front_depth,wan,0.020291009424510575,0.012169902835244386,0.0010870675497559373,0.004881358913904046,0.012139055583593893,0.06240164753261217,0.008896307715915295,1.0,0.09345030100030272,4.19947776,0.001677868412990196
articulated_links_fixed,spatrackerv2_gt_geometry_bf16,ltx,0.1032045122302246,1.2675755539076459e-05,0.0019618854506359526,0.013777971838527024,0.09583025801891719,0.16295095871335444,0.0914998902321793,1.0,0.9456988809997711,2.789756416,0.04180190142463235
articulated_links_fixed,spatrackerv2_gt_geometry_bf16,wan,0.1032045122302246,1.2675755539076459e-05,0.0019618854506359526,0.008202381020159587,0.10081209036371407,0.15524188312210763,0.09730049083091448,1.0,2.341264143999979,4.19947776,0.001060037051930147
articulated_links_fixed,spatrackerv2_gt_geometry_fp32_math,ltx,0.10343210225320579,5.077311829099375e-06,0.0019685654440190913,0.013623601171579017,0.09603710037467193,0.1671954861568266,0.09144623677582325,1.0,0.023518854000030842,2.789756416,0.04264023724724265
articulated_links_fixed,spatrackerv2_gt_geometry_fp32_math,wan,0.10343210225320579,5.077311829099375e-06,0.0019685654440190913,0.007951729564297322,0.10120273447490201,0.15953850934863972,0.09743913609595119,1.0,0.0926031779999903,4.19947776,0.000945745729932598
articulated_links_fixed,zero,ltx,0.0172339825202364,0.0,1.6804538706085413e-08,0.005220160404893241,0.022405972004980082,0.2892725839727984,0.005188771232862769,1.0,0.023504884000431048,2.789756416,0.058461507161458336
articulated_links_fixed,zero,wan,0.0172339825202364,0.0,1.6804538706085413e-08,0.00353341261636979,0.020450076643642894,0.28296625150469634,0.0035135492332523466,1.0,0.09383115499986161,4.19947776,0.0013314041436887254
articulated_links_orbit,cotracker3_gt_geometry,ltx,0.16457290524481377,0.002135970369360593,0.001916798698301747,0.017356308149002936,0.153218995282087,0.04721849415893753,0.1600577372900321,1.0,0.024312925999765866,2.789756416,0.04103237974877451
articulated_links_orbit,cotracker3_gt_geometry,wan,0.16457290524481377,0.002135970369360593,0.001916798698301747,0.010743253425394053,0.15972276398474558,0.03564996485501885,0.16772746070279243,1.0,0.09375260999968305,4.19947776,0.0013287114162071078
articulated_links_orbit,delta_gt_geometry,ltx,0.2436215687736146,0.00016464086983240011,0.0013364742280626719,0.018069554541479682,0.23055125300896928,0.04497095336479373,0.242524175566658,1.0,0.023666240999773436,2.789756416,0.04118795955882353
articulated_links_orbit,delta_gt_geometry,wan,0.2436215687736146,0.00016464086983240011,0.0013364742280626719,0.010411747068599113,0.2387103391600772,0.04611171629028681,0.2511360567645798,1.0,0.09332255899971642,4.19947776,0.0009292901731004901
articulated_links_orbit,gt,ltx,0.0,0.0,0.0007005657562168579,0.007010419006162941,0.007592324968365321,0.03755928075423868,0.005658972982179942,1.0,0.04776711099930253,2.789756416,0.07193860820695466
articulated_links_orbit,gt,wan,0.0,0.0,0.0007005657562168579,0.004510329486682916,0.005075627762798918,0.023124705193436675,0.003911171154370675,1.0,0.0944873380003628,4.19947776,0.0012688730277267157
articulated_links_orbit,gt_uv_gt_front_depth,ltx,0.020350530952211506,0.009581305778452329,0.0015213207817053056,0.01055428318684364,0.015403301841364885,0.0455945940439929,0.013333411427901367,0.9478609625668449,0.024973517000034917,2.789756416,0.08637192670036764
articulated_links_orbit,gt_uv_gt_front_depth,wan,0.020350530952211506,0.009581305778452329,0.0015213207817053056,0.005867434657865768,0.012508862237223604,0.03015935114537601,0.011298759087655577,0.9478609625668449,0.09366740800032858,4.19947776,0.001289218079810049
articulated_links_orbit,spatrackerv2_gt_geometry_bf16,ltx,0.18803267796807008,2.599245238922198e-06,0.0024558857485000372,0.01866593385464684,0.17467782543699997,0.11388873123198046,0.17859970248248508,1.0,0.024491168000167818,2.789756416,0.037297267539828434
articulated_links_orbit,spatrackerv2_gt_geometry_bf16,wan,0.18803267796807008,2.599245238922198e-06,0.0024558857485000372,0.011400376704272705,0.1833532399929089,0.10932215764375403,0.18812943885414468,1.0,0.09380027899987908,4.19947776,0.0009490368412990196
articulated_links_orbit,spatrackerv2_gt_geometry_fp32_math,ltx,0.18729926317853382,5.721264284202886e-06,0.002404993404021493,0.019384222614006436,0.17327232955628633,0.11556032414281328,0.1769956847442523,1.0,0.023382480999316613,2.789756416,0.03592816521139706
articulated_links_orbit,spatrackerv2_gt_geometry_fp32_math,wan,0.18729926317853382,5.721264284202886e-06,0.002404993404021493,0.011676831591244347,0.18247765780746417,0.11048068978123107,0.18712262348657596,1.0,0.09264253599940275,4.19947776,0.0009565166398590686
articulated_links_orbit,zero,ltx,0.0172339825202364,0.0,1.6804538706085413e-08,0.005220160404893241,0.022405972004980082,0.2892725839727984,0.005188771232862769,1.0,0.023600341999554075,2.789756416,0.058461507161458336
articulated_links_orbit,zero,wan,0.0172339825202364,0.0,1.6804538706085413e-08,0.00353341261636979,0.020450076643642894,0.28296625150469634,0.0035135492332523466,1.0,0.09781820799980778,4.19947776,0.0013314041436887254
depth_speed_out_of_view_stress_fixed,cotracker3_gt_geometry,ltx,0.08748093587659113,0.016445306187311635,0.003116257428110639,0.014632827016876529,0.07157295543334179,0.11132933532599898,0.069346598159353,1.0,0.02401326900053391,2.789756416,0.07053689395680147
depth_speed_out_of_view_stress_fixed,cotracker3_gt_geometry,wan,0.08748093587659113,0.016445306187311635,0.003116257428110639,0.008180171652979185,0.07132565203828983,0.08727824635231454,0.07043230675670445,1.0,0.09350298800018209,4.19947776,0.008535048540900736
depth_speed_out_of_view_stress_fixed,delta_gt_geometry,ltx,0.04594534750872666,5.074611236164911e-05,0.002527599565301456,0.009270114881761386,0.04647276041298831,0.04502304322124141,0.04655394457572614,1.0,0.02408013900003425,2.789756416,0.08124258003982843
depth_speed_out_of_view_stress_fixed,delta_gt_geometry,wan,0.04594534750872666,5.074611236164911e-05,0.002527599565301456,0.005482122204068773,0.045837081146968085,0.03240663137212603,0.046589186334359246,1.0,0.09266185999968002,4.19947776,0.0032839307598039216
depth_speed_out_of_view_stress_fixed,gt,ltx,0.0,0.0,0.0011943326213085825,0.007081267558890811,0.008218398506891962,0.04806629231267719,0.00598691645376799,1.0,0.02416867400006595,2.789756416,0.06543656891467524
depth_speed_out_of_view_stress_fixed,gt,wan,0.0,0.0,0.0011943326213085825,0.004394541457455436,0.005377903180290042,0.029202463193820742,0.004043727819532325,1.0,0.12404324100043596,4.19947776,0.001304776060814951
depth_speed_out_of_view_stress_fixed,gt_uv_gt_front_depth,ltx,0.022916719209651062,0.013079225078036036,0.0016827532766756897,0.009634826479818922,0.018268820740156996,0.09010348063202453,0.014246079786212413,1.0,0.02357029699942359,2.789756416,0.08261527267156862
depth_speed_out_of_view_stress_fixed,gt_uv_gt_front_depth,wan,0.022916719209651062,0.013079225078036036,0.0016827532766756897,0.005148583039998089,0.014960027054336475,0.06813830469448902,0.011982043506487933,1.0,0.09351570000035281,4.19947776,0.0026203230315563725
depth_speed_out_of_view_stress_fixed,spatrackerv2_gt_geometry_bf16,ltx,0.07168227309959496,8.39406588277074e-05,0.0011262184870844925,0.010026418414259494,0.06752830066205605,0.41463569347024026,0.048090286664797734,1.0,0.023608735999914643,2.789756416,0.04112064137178309
depth_speed_out_of_view_stress_fixed,spatrackerv2_gt_geometry_bf16,wan,0.07168227309959496,8.39406588277074e-05,0.0011262184870844925,0.005813921075181718,0.07130870970309071,0.41174682691212855,0.0522441751393846,1.0,0.09402108999984193,4.19947776,0.001021740483302696
depth_speed_out_of_view_stress_fixed,spatrackerv2_gt_geometry_fp32_math,ltx,0.07313334238931832,4.4838284586810253e-05,0.001118935262786702,0.01023719382727511,0.06830122919687003,0.4129838079245423,0.048999004788120366,1.0,0.023754162999466644,2.789756416,0.04391808603324142
depth_speed_out_of_view_stress_fixed,spatrackerv2_gt_geometry_fp32_math,wan,0.07313334238931832,4.4838284586810253e-05,0.001118935262786702,0.0057268174399072915,0.07286074591686276,0.41143501464752746,0.053900586867945535,1.0,0.092919976000303,4.19947776,0.001014260684742647
depth_speed_out_of_view_stress_fixed,zero,ltx,0.022731985509740725,0.0,1.6804538706085413e-08,0.005220160404893241,0.027940112095298723,0.4343528124159038,0.005181000877344842,1.0,0.02364238900008786,2.789756416,0.058461507161458336
depth_speed_out_of_view_stress_fixed,zero,wan,0.022731985509740725,0.0,1.6804538706085413e-08,0.00353341261636979,0.026039529368592638,0.42825351868201356,0.0035155459670410654,1.0,0.09534477600027458,4.19947776,0.0013314041436887254
depth_speed_out_of_view_stress_orbit,cotracker3_gt_geometry,ltx,0.18902414029141354,0.01032088061869708,0.0032432244598846675,0.022433560761812958,0.16853994487993462,0.10368005328633866,0.172172098809176,1.0,0.02392158800012112,2.789756416,0.044745650945925246
depth_speed_out_of_view_stress_orbit,cotracker3_gt_geometry,wan,0.18902414029141354,0.01032088061869708,0.0032432244598846675,0.012657958436092194,0.17548012693446588,0.10322830886526946,0.17952622874634092,1.0,0.0979798109992771,4.19947776,0.002118278952205882
depth_speed_out_of_view_stress_orbit,delta_gt_geometry,ltx,0.10762417827331539,0.0012723764880458034,0.002604905299009426,0.013312655802664356,0.10287656864101218,0.04372831522447928,0.10618887083233801,1.0,0.02362506899953587,2.789756416,0.04613898782169118
depth_speed_out_of_view_stress_orbit,delta_gt_geometry,wan,0.10762417827331539,0.0012723764880458034,0.002604905299009426,0.008059581697057467,0.10628196764792171,0.03412170281028065,0.11032294247882962,1.0,0.09288076699976955,4.19947776,0.001327813840379902
depth_speed_out_of_view_stress_orbit,gt,ltx,0.0,0.0,0.0011943326213085825,0.007081267558890811,0.008218398506891962,0.04806629231267719,0.00598691645376799,1.0,0.024456273000396322,2.789756416,0.06543656891467524
depth_speed_out_of_view_stress_orbit,gt,wan,0.0,0.0,0.0011943326213085825,0.004394541457455436,0.005377903180290042,0.029202463193820742,0.004043727819532325,1.0,0.09542512700045336,4.19947776,0.001304776060814951
depth_speed_out_of_view_stress_orbit,gt_uv_gt_front_depth,ltx,0.024736520613137022,0.010807996611628156,0.0020115642767249515,0.01175398208805569,0.019290772126309644,0.103869262307294,0.014260081260526192,0.9478609625668449,0.02427195499967638,2.789756416,0.09033203125
depth_speed_out_of_view_stress_orbit,gt_uv_gt_front_depth,wan,0.024736520613137022,0.010807996611628156,0.0020115642767249515,0.005909451826379717,0.015239681504101996,0.07448252738395167,0.011715943459203876,0.9478609625668449,0.09352118500009965,4.19947776,0.001747580135569853
depth_speed_out_of_view_stress_orbit,spatrackerv2_gt_geometry_bf16,ltx,0.29211401016103483,1.4014570104226356e-05,0.003281964821460048,0.019525663107021335,0.2785602783460059,0.3576760811322735,0.2741297933899749,1.0,0.023397889000079886,2.789756416,0.04121817794500613
depth_speed_out_of_view_stress_orbit,spatrackerv2_gt_geometry_bf16,wan,0.29211401016103483,1.4014570104226356e-05,0.003281964821460048,0.012332410549220718,0.2859869795978872,0.3566643761905169,0.2820290453886999,1.0,0.09377438199953758,4.19947776,0.000969082701439951
depth_speed_out_of_view_stress_orbit,spatrackerv2_gt_geometry_fp32_math,ltx,0.2956653589505932,2.3410158588155877e-05,0.0033087148027555946,0.019202664145478124,0.2820873526446343,0.3547779980661548,0.2780166765010291,1.0,0.023504211000727082,2.789756416,0.03871334300321691
depth_speed_out_of_view_stress_orbit,spatrackerv2_gt_geometry_fp32_math,wan,0.2956653589505932,2.3410158588155877e-05,0.0033087148027555946,0.012073785996277994,0.2888548954734522,0.3565922977948147,0.2850616009434559,1.0,0.09266235499944742,4.19947776,0.000990923713235294
depth_speed_out_of_view_stress_orbit,zero,ltx,0.022731985509740725,0.0,1.6804538706085413e-08,0.005220160404893241,0.027940112095298723,0.4343528124159038,0.005181000877344842,1.0,0.023517877000813314,2.789756416,0.058461507161458336
depth_speed_out_of_view_stress_orbit,zero,wan,0.022731985509740725,0.0,1.6804538706085413e-08,0.00353341261636979,0.026039529368592638,0.42825351868201356,0.0035155459670410654,1.0,0.0955144930003371,4.19947776,0.0013314041436887254
object_translation_fixed,cotracker3_gt_geometry,ltx,0.024578541432768417,0.00029839378427158093,0.0007221802874799409,0.006749878871575823,0.02339003965350806,0.009600543727928316,0.024871555744686052,1.0,0.024253358000351,2.789756416,0.06289942124310662
object_translation_fixed,cotracker3_gt_geometry,wan,0.024578541432768417,0.00029839378427158093,0.0007221802874799409,0.004723902042949752,0.02466121132099695,0.007568687414182892,0.0264975981870183,1.0,0.09357211200040183,4.19947776,0.003058040843290441
object_translation_fixed,delta_gt_geometry,ltx,0.03554083440896503,2.459982373584896e-06,0.000701787384680945,0.0066668144863205984,0.036005585739290934,0.025144982997783748,0.03717242735614708,1.0,0.024170310000044992,2.789756416,0.05123542336856618
object_translation_fixed,delta_gt_geometry,wan,0.03554083440896503,2.459982373584896e-06,0.000701787384680945,0.005477028910376677,0.037038229092797664,0.021764537473252667,0.03867920422547606,1.0,0.09308302799945523,4.19947776,0.0013164445465686275
object_translation_fixed,gt,ltx,0.0,0.0,0.0003421131543096453,0.005762664811289386,0.005984605259138936,0.009105687740950582,0.0056492823478699146,1.0,0.02381103600055212,2.789756416,0.07062635234757966
object_translation_fixed,gt,wan,0.0,0.0,0.0003421131543096453,0.003757550844426741,0.003993338205927963,0.006499096452430848,0.0037241245100226934,1.0,0.09534884999993665,4.19947776,0.0012359619140625
object_translation_fixed,gt_uv_gt_front_depth,ltx,0.00023683579141461805,0.0,0.00034090335293052154,0.005786870271705104,0.00603886101734949,0.010075846217051475,0.00560513533473688,1.0,0.024613419999695907,2.789756416,0.07011922200520833
object_translation_fixed,gt_uv_gt_front_depth,wan,0.00023683579141461805,0.0,0.00034090335293052154,0.0038696874106392497,0.004077434594458126,0.007337564323581675,0.003727172722734109,1.0,0.09327638300055696,4.19947776,0.0012874229281556373
object_translation_fixed,spatrackerv2_gt_geometry_bf16,ltx,0.06196585429325639,0.0001290000615895156,0.0011327356011092283,0.008362568924227029,0.05952663207075276,0.07872457148207981,0.05746404353895728,1.0,0.023799261000021943,2.789756416,0.041018317727481615
object_translation_fixed,spatrackerv2_gt_geometry_bf16,wan,0.06196585429325639,0.0001290000615895156,0.0011327356011092283,0.006420738639547982,0.0638562208470146,0.07819379324492094,0.06231582050674366,1.0,0.09511318799923174,4.19947776,0.0012937059589460784
object_translation_fixed,spatrackerv2_gt_geometry_fp32_math,ltx,0.06103544340565321,7.3517061971517195e-06,0.001103423952230037,0.008068433951718126,0.05888634903015669,0.07775063275073656,0.056859607803978675,1.0,0.02371429300001182,2.789756416,0.03972042308134191
object_translation_fixed,spatrackerv2_gt_geometry_fp32_math,wan,0.06103544340565321,7.3517061971517195e-06,0.001103423952230037,0.006348186835033876,0.06309666811373355,0.07734116405736167,0.06156626772309581,1.0,0.09262856500026828,4.19947776,0.0012395522173713235
object_translation_fixed,zero,ltx,0.009439506485341793,0.0,1.6804538706085413e-08,0.0052381456135744894,0.014512160919614214,0.1015187042759047,0.005164350476376395,1.0,0.023330965000241122,2.789756416,0.058461507161458336
object_translation_fixed,zero,wan,0.009439506485341793,0.0,1.6804538706085413e-08,0.003544437438949087,0.012577047901572925,0.09698759363100552,0.0035081462942785136,1.0,0.09404255400022521,4.19947776,0.0013314041436887254
object_translation_orbit,cotracker3_gt_geometry,ltx,0.15330601116465475,0.02318066916036512,0.0014073886032756225,0.01549999545923518,0.12477282282238744,0.03274937809895409,0.13465963919763232,1.0,0.02406282299943996,2.789756416,0.046597649069393385
object_translation_orbit,cotracker3_gt_geometry,wan,0.15330601116465475,0.02318066916036512,0.0014073886032756225,0.009169328407404437,0.1316628879711165,0.034574637291012573,0.14209385705244995,1.0,0.09398790699924575,4.19947776,0.0041940726485906864
object_translation_orbit,delta_gt_geometry,ltx,0.12564600742030974,0.003307223994594131,0.0009422755874703446,0.008167899383376682,0.12200710950686039,0.06473065540256928,0.12816077812963547,1.0,0.02353472899994813,2.789756416,0.041353711894914214
object_translation_orbit,delta_gt_geometry,wan,0.12564600742030974,0.003307223994594131,0.0009422755874703446,0.007633665775522889,0.1248741810593824,0.06356120088883098,0.1314615260363838,1.0,0.09269182800017006,4.19947776,0.003237556008731618
object_translation_orbit,gt,ltx,0.0,0.0,0.0003421131543096453,0.005762664811289386,0.005984605259138936,0.009105687740950582,0.0056492823478699146,1.0,0.025012944000081916,2.789756416,0.07062635234757966
object_translation_orbit,gt,wan,0.0,0.0,0.0003421131543096453,0.003757550844426741,0.003993338205927963,0.006499096452430848,0.0037241245100226934,1.0,0.09565973600001598,4.19947776,0.0012359619140625
object_translation_orbit,gt_uv_gt_front_depth,ltx,0.042366910224968746,0.030476959080800496,0.0012622074455136284,0.010039432051415258,0.015368769698046465,0.03222857300995457,0.013440875751440151,0.9486391571553995,0.024902993999603495,2.789756416,0.08889620911841299
object_translation_orbit,gt_uv_gt_front_depth,wan,0.042366910224968746,0.030476959080800496,0.0012622074455136284,0.005545279152681023,0.013305514268149705,0.03117114264013819,0.011262605691253825,0.9486391571553995,0.09339416900002107,4.19947776,0.002189187442555147
object_translation_orbit,spatrackerv2_gt_geometry_bf16,ltx,0.122396917334068,0.0,0.0018815583189071615,0.011336393519646775,0.11765739211972971,0.13487458738778274,0.11580761080993889,1.0,0.02316037599939591,2.789756416,0.03361960018382353
object_translation_orbit,spatrackerv2_gt_geometry_bf16,wan,0.122396917334068,0.0,0.0018815583189071615,0.008743178881859482,0.12329116937358443,0.1364993383502657,0.12187210989675094,1.0,0.09375358100078302,4.19947776,0.0010444790709252451
object_translation_orbit,spatrackerv2_gt_geometry_fp32_math,ltx,0.12226581947482006,0.0,0.0018571396581448804,0.011004120123461603,0.11785756269140805,0.1360830981637532,0.11589944731008173,1.0,0.02365638100036449,2.789756416,0.034142288507199754
object_translation_orbit,spatrackerv2_gt_geometry_fp32_math,wan,0.12226581947482006,0.0,0.0018571396581448804,0.008086924050076702,0.12293795010158147,0.13767303144678927,0.12135484218845999,1.0,0.09311354600049526,4.19947776,0.0010040881587009803
object_translation_orbit,zero,ltx,0.009439506485341793,0.0,1.6804538706085413e-08,0.0052381456135744894,0.014512160919614214,0.1015187042759047,0.005164350476376395,1.0,0.023670145999858505,2.789756416,0.058461507161458336
object_translation_orbit,zero,wan,0.009439506485341793,0.0,1.6804538706085413e-08,0.003544437438949087,0.012577047901572925,0.09698759363100552,0.0035081462942785136,1.0,0.09322529900055088,4.19947776,0.0013314041436887254
occlusion_and_return_fixed,cotracker3_gt_geometry,ltx,0.045142274924863876,0.016901640563061766,0.001658946450892336,0.010185319193023887,0.029309689386991845,0.06137382750461291,0.02456977331743047,1.0,0.024386205000155314,2.789756416,0.08996282839307598
occlusion_and_return_fixed,cotracker3_gt_geometry,wan,0.045142274924863876,0.016901640563061766,0.001658946450892336,0.005460514249378126,0.02878401962392135,0.05937800171788729,0.02426143096655247,1.0,0.09333657299976039,4.19947776,0.005872838637408088
occlusion_and_return_fixed,delta_gt_geometry,ltx,0.004600120096438722,0.0,0.0008932801843787064,0.006045374710213917,0.008087342847487097,0.015525388551684394,0.006987805656431843,1.0,0.02459300999998959,2.789756416,0.07416459625842524
occlusion_and_return_fixed,delta_gt_geometry,wan,0.004600120096438722,0.0,0.0008932801843787064,0.0038900910127211627,0.006564858753333275,0.014878734045659961,0.005335851101424111,1.0,0.09269116899940855,4.19947776,0.0011764227175245097
occlusion_and_return_fixed,gt,ltx,0.0,0.0,0.0008130444806978543,0.006272083564337508,0.006657687634077854,0.01328406492520345,0.0056781362084332015,1.0,0.023258442000042123,2.789756416,0.06682870902267157
occlusion_and_return_fixed,gt,wan,0.0,0.0,0.0008130444806978543,0.004091161120825967,0.0048096571765429835,0.010201157146553272,0.004012652833150158,1.0,0.09307060899936914,4.19947776,0.0012245926202512254
occlusion_and_return_fixed,gt_uv_gt_front_depth,ltx,0.027583277286981737,0.015212407421716327,0.0013676041818107007,0.008962682661863938,0.018720717078272706,0.06739119579584045,0.011525950659154,1.0,0.023987818000023253,2.789756416,0.08122462852328431
occlusion_and_return_fixed,gt_uv_gt_front_depth,wan,0.027583277286981737,0.015212407421716327,0.0013676041818107007,0.004900701048125144,0.01655062503901683,0.06380853962693,0.009564672447760098,1.0,0.09333147199959058,4.19947776,0.0014427035462622549
occlusion_and_return_fixed,spatrackerv2_gt_geometry_bf16,ltx,0.027698673428313853,6.819849416691189e-05,0.0002783813433580555,0.00730850287498215,0.029110192716702836,0.1775140144105497,0.007172236466308079,1.0,0.023133717999371584,2.789756416,0.0630481196384804
occlusion_and_return_fixed,spatrackerv2_gt_geometry_bf16,wan,0.027698673428313853,6.819849416691189e-05,0.0002783813433580555,0.003467466916753623,0.02899389358101887,0.17442249807746452,0.007495752046761689,1.0,0.09309951399973215,4.19947776,0.0013152477787990197
occlusion_and_return_fixed,spatrackerv2_gt_geometry_fp32_math,ltx,0.027169960405767822,2.664906567202486e-06,0.00025869793534948206,0.007132346641261405,0.028797182428981643,0.17846785371308038,0.006671952760897482,1.0,0.023676646000239998,2.789756416,0.056409050436580885
occlusion_and_return_fixed,spatrackerv2_gt_geometry_fp32_math,wan,0.027169960405767822,2.664906567202486e-06,0.00025869793534948206,0.003230276488922718,0.028510050488801036,0.17434564320537163,0.006951745478525378,1.0,0.09284521599965956,4.19947776,0.0010615330116421568
occlusion_and_return_fixed,zero,ltx,0.023544034084559164,0.0,1.6804538706085413e-08,0.005220160404893241,0.02875184662178123,0.1885489084243047,0.005129672268364716,1.0,0.023917411000184075,2.789756416,0.058461507161458336
occlusion_and_return_fixed,zero,wan,0.023544034084559164,0.0,1.6804538706085413e-08,0.00353341261636979,0.02664805241198978,0.18319341554611704,0.003506563948684012,1.0,0.09312719199988351,4.19947776,0.0013314041436887254
occlusion_and_return_orbit,cotracker3_gt_geometry,ltx,0.13651750029711796,0.03206655386850175,0.002740236814010747,0.01749328695716149,0.0997066481745349,0.08356003643147239,0.10209353860611803,1.0,0.024030847999711114,2.789756416,0.059317794500612746
occlusion_and_return_orbit,cotracker3_gt_geometry,wan,0.13651750029711796,0.03206655386850175,0.002740236814010747,0.00907849564413831,0.10466045566108796,0.08361627633104646,0.10777133434465933,1.0,0.09994403600012447,4.19947776,0.007625205844056373
occlusion_and_return_orbit,delta_gt_geometry,ltx,0.06887716678987564,0.01860188893161566,0.001528825957843707,0.008858581545262863,0.054395217134767415,0.04475866904642617,0.05581975033043526,1.0,0.02367978700021922,2.789756416,0.08220986758961397
occlusion_and_return_orbit,delta_gt_geometry,wan,0.06887716678987564,0.01860188893161566,0.001528825957843707,0.005844206026016184,0.05580098398710282,0.044255533933840824,0.0575077026906285,1.0,0.09298544800003583,4.19947776,0.013218300015318627
occlusion_and_return_orbit,gt,ltx,0.0,0.0,0.0008130444806978543,0.006272083564337508,0.006657687634077854,0.01328406492520345,0.0056781362084332015,1.0,0.023091838999789616,2.789756416,0.06682870902267157
occlusion_and_return_orbit,gt,wan,0.0,0.0,0.0008130444806978543,0.004091161120825967,0.0048096571765429835,0.010201157146553272,0.004012652833150158,1.0,0.09301478199995472,4.19947776,0.0012245926202512254
occlusion_and_return_orbit,gt_uv_gt_front_depth,ltx,0.04121232785748686,0.017172328959568096,0.002172809212652437,0.011270611516460093,0.027304586876814883,0.08823895497428846,0.017685232191665252,0.9478609625668449,0.022805163999692013,2.789756416,0.08707921645220588
occlusion_and_return_orbit,gt_uv_gt_front_depth,wan,0.04121232785748686,0.017172328959568096,0.002172809212652437,0.006067935891567002,0.02538152336860688,0.08966739594212342,0.01523308614283991,0.9478609625668449,0.0933228349995261,4.19947776,0.002159567440257353
occlusion_and_return_orbit,spatrackerv2_gt_geometry_bf16,ltx,0.052097754223666186,0.0004579017214851002,0.0015833820498386913,0.010725694108510198,0.04686514878423052,0.1318796834353063,0.034297782792332365,1.0,0.023476862000279652,2.789756416,0.0500787473192402
occlusion_and_return_orbit,spatrackerv2_gt_geometry_bf16,wan,0.052097754223666186,0.0004579017214851002,0.0015833820498386913,0.00584424812709492,0.05167146699264164,0.1290846356808671,0.04022778118655614,1.0,0.09343701600027998,4.19947776,0.0011399213005514705
occlusion_and_return_orbit,spatrackerv2_gt_geometry_fp32_math,ltx,0.05227617581581014,0.0005236969223143674,0.001545606572328958,0.010640109018144375,0.04686798117751776,0.13194375208345346,0.03429156286968379,1.0,0.02356467600020551,2.789756416,0.05023941339231005
occlusion_and_return_orbit,spatrackerv2_gt_geometry_fp32_math,wan,0.05227617581581014,0.0005236969223143674,0.001545606572328958,0.005196847307753968,0.05170924465433751,0.1297779290976919,0.04016865651923295,1.0,0.09268454099947121,4.19947776,0.0011046166513480392
occlusion_and_return_orbit,zero,ltx,0.023544034084559164,0.0,1.6804538706085413e-08,0.005220160404893241,0.02875184662178123,0.1885489084243047,0.005129672268364716,1.0,0.023989669000002323,2.789756416,0.058461507161458336
occlusion_and_return_orbit,zero,wan,0.023544034084559164,0.0,1.6804538706085413e-08,0.00353341261636979,0.02664805241198978,0.18319341554611704,0.003506563948684012,1.0,0.09299879799982591,4.19947776,0.0013314041436887254
rigid_rotation_fixed,cotracker3_gt_geometry,ltx,0.015877708197511987,0.0017563040960477806,0.0005588202803562883,0.00631502028810169,0.015157155536467617,0.07453047304831159,0.010290490166644345,1.0,0.024265906999971776,2.789756416,0.09689570408241421
rigid_rotation_fixed,cotracker3_gt_geometry,wan,0.015877708197511987,0.0017563040960477806,0.0005588202803562883,0.0039666083616287885,0.013946037030194206,0.073527660258021,0.009062297421355944,1.0,0.10069862500040472,4.19947776,0.006731519512101716
rigid_rotation_fixed,delta_gt_geometry,ltx,0.012536886738762128,2.2977815674631998e-05,0.0007296232327619205,0.006518240411480888,0.01417382255370044,0.02932682034668207,0.012931773554275718,1.0,0.023590924999552954,2.789756416,0.06638650333180147
rigid_rotation_fixed,delta_gt_geometry,wan,0.012536886738762128,2.2977815674631998e-05,0.0007296232327619205,0.004020175074516509,0.013044963327748264,0.02689498701697939,0.011909715484368663,1.0,0.09259382400068716,4.19947776,0.0013071695963541667
rigid_rotation_fixed,gt,ltx,0.0,0.0,0.0003394664330362086,0.0061086417787484,0.006308936599514592,0.016882071584709456,0.005442286190892062,1.0,0.02320968499952869,2.789756416,0.06803355497472427
rigid_rotation_fixed,gt,wan,0.0,0.0,0.0003394664330362086,0.0037685335310023486,0.004008842195921923,0.008314562140409031,0.0036559143316197006,1.0,0.09335343899965665,4.19947776,0.001289218079810049
rigid_rotation_fixed,gt_uv_gt_front_depth,ltx,0.0012384674107313337,0.0,0.00043971265815836346,0.0062163607248815955,0.007211753002925285,0.015017565106384606,0.006571932338707308,1.0,0.02403970700015634,2.789756416,0.07133035098805147
rigid_rotation_fixed,gt_uv_gt_front_depth,wan,0.0012384674107313337,0.0,0.00043971265815836346,0.0039105209426764515,0.005112856495247263,0.008419929774055538,0.004841784915017078,1.0,0.0932916079991628,4.19947776,0.0012709673713235295
rigid_rotation_fixed,spatrackerv2_gt_geometry_bf16,ltx,0.01373673989652808,0.00040020211820250773,0.0002871388835693386,0.007175161026578414,0.013033110026889668,0.08846096702261347,0.0068504987977319794,1.0,0.023609777999809012,2.789756416,0.06328926834405638
rigid_rotation_fixed,spatrackerv2_gt_geometry_bf16,wan,0.01373673989652808,0.00040020211820250773,0.0002871388835693386,0.0036087449013789,0.01424993820417812,0.08466952602325148,0.00847784084195899,1.0,0.09352757499982545,4.19947776,0.0017801920572916667
rigid_rotation_fixed,spatrackerv2_gt_geometry_fp32_math,ltx,0.01320863749639891,0.00015153684040397462,0.00024245862893443684,0.007263414504806365,0.01244090229265985,0.08821389024276252,0.006230001641012091,1.0,0.023559936999845377,2.789756416,0.05945961148131127
rigid_rotation_fixed,spatrackerv2_gt_geometry_fp32_math,wan,0.01320863749639891,0.00015153684040397462,0.00024245862893443684,0.003175809182953934,0.013891824956174796,0.08485061141530148,0.008075530984115231,1.0,0.09277898999971512,4.19947776,0.0012221990847120097
rigid_rotation_fixed,zero,ltx,0.006318177715559713,0.0,1.6804538706085413e-08,0.005220160404893241,0.011464977889073098,0.088373811437731,0.005160975139183105,1.0,0.023034345999803918,2.789756416,0.058461507161458336
rigid_rotation_fixed,zero,wan,0.006318177715559713,0.0,1.6804538706085413e-08,0.00353341261636979,0.009622152173929753,0.08402899741497097,0.003523230432860801,1.0,0.09306297300008737,4.19947776,0.0013314041436887254
rigid_rotation_orbit,cotracker3_gt_geometry,ltx,0.13089364468189743,0.00578379566790597,0.0011138857883882059,0.014520951106811673,0.11843281468377374,0.05917026114986749,0.12329040103901197,1.0,0.024103412999465945,2.789756416,0.04973288143382353
rigid_rotation_orbit,cotracker3_gt_geometry,wan,0.13089364468189743,0.00578379566790597,0.0011138857883882059,0.008719394677908979,0.124998220081999,0.05826544267770014,0.1304681198692366,1.0,0.09901003300001321,4.19947776,0.003411087335324755
rigid_rotation_orbit,delta_gt_geometry,ltx,0.12087138719229958,0.003619665474230494,0.0009097094589512808,0.011271128132328098,0.11460951560506971,0.07250433903903074,0.1180607595858926,1.0,0.023845455999435217,2.789756416,0.04259266572840074
rigid_rotation_orbit,delta_gt_geometry,wan,0.12087138719229958,0.003619665474230494,0.0009097094589512808,0.007011164892325103,0.12001468402331779,0.07003149183395509,0.124111666989659,1.0,0.09281622999969841,4.19947776,0.0033240224800857843
rigid_rotation_orbit,gt,ltx,0.0,0.0,0.0003394664330362086,0.0061086417787484,0.006308936599514592,0.016882071584709456,0.005442286190892062,1.0,0.023377007999442867,2.789756416,0.06803355497472427
rigid_rotation_orbit,gt,wan,0.0,0.0,0.0003394664330362086,0.0037685335310023486,0.004008842195921923,0.008314562140409031,0.0036559143316197006,1.0,0.0928000570002041,4.19947776,0.001289218079810049
rigid_rotation_orbit,gt_uv_gt_front_depth,ltx,0.021297281739868588,0.009949835630905603,0.0012456248055716314,0.0090487332905312,0.014620617807053286,0.01789492645595311,0.014335119505241859,0.9478609625668449,0.023782322999977623,2.789756416,0.0885168337354473
rigid_rotation_orbit,gt_uv_gt_front_depth,wan,0.021297281739868588,0.009949835630905603,0.0012456248055716314,0.004842921640099037,0.01206172916392766,0.009008269812460477,0.01232797085124905,0.9478609625668449,0.09292690300026152,4.19947776,0.0013622209137561275
rigid_rotation_orbit,spatrackerv2_gt_geometry_bf16,ltx,0.1137580013626429,0.0008640156167640464,0.0013085055470977193,0.012661514775062688,0.10540275119462104,0.11673628375030091,0.10447377311628661,1.0,0.024191267000787775,2.789756416,0.0401760924096201
rigid_rotation_orbit,spatrackerv2_gt_geometry_bf16,wan,0.1137580013626429,0.0008640156167640464,0.0013085055470977193,0.007556247991746455,0.11252984836855222,0.11755778554076386,0.11211772237082994,1.0,0.09569925899995724,4.19947776,0.0011479994829963235
rigid_rotation_orbit,spatrackerv2_gt_geometry_fp32_math,ltx,0.11470642687815595,0.000927560623632885,0.001290102827696061,0.012591696862250173,0.10650138215909971,0.11811613421473073,0.10554935330208076,1.0,0.02395074299965927,2.789756416,0.040354410807291664
rigid_rotation_orbit,spatrackerv2_gt_geometry_fp32_math,wan,0.11470642687815595,0.000927560623632885,0.001290102827696061,0.007083860279002182,0.11320684972920364,0.11742283956601529,0.11286127679176007,1.0,0.09274638700026117,4.19947776,0.001190783930759804
rigid_rotation_orbit,zero,ltx,0.006318177715559713,0.0,1.6804538706085413e-08,0.005220160404893241,0.011464977889073098,0.088373811437731,0.005160975139183105,1.0,0.023153226999966137,2.789756416,0.058461507161458336
rigid_rotation_orbit,zero,wan,0.006318177715559713,0.0,1.6804538706085413e-08,0.00353341261636979,0.009622152173929753,0.08402899741497097,0.003523230432860801,1.0,0.09309974600000714,4.19947776,0.0013314041436887254
static_scene_fixed,cotracker3_gt_geometry,ltx,0.006334662804410377,0.0007934248494689889,0.00023632855479249263,0.005449765244612036,0.007562199114450631,0.005974979043498018,0.007664600409350799,1.0,0.02406470799996896,2.789756416,0.08837591433057598
static_scene_fixed,cotracker3_gt_geometry,wan,0.006334662804410377,0.0007934248494689889,0.00023632855479249263,0.0033242491128740205,0.0062363902512360845,0.003991997969570797,0.006381189753279007,1.0,0.09753632899992226,4.19947776,0.005410886278339461
static_scene_fixed,delta_gt_geometry,ltx,0.0050970326530066215,0.0,9.827721362433894e-05,0.0050531577263152735,0.007062748924588693,0.007388993756273311,0.007041700870931621,1.0,0.023710657999799878,2.789756416,0.08430720310585171
static_scene_fixed,delta_gt_geometry,wan,0.0050970326530066215,0.0,9.827721362433894e-05,0.003314662487217883,0.0059032452654989125,0.006305763313556671,0.005877276359172606,1.0,0.09303553399968223,4.19947776,0.001418768190870098
static_scene_fixed,gt,ltx,0.0,0.0,1.6804538706085413e-08,0.005220160404893241,0.00522016168220535,0.0058625773787121215,0.005178715508237171,1.0,0.023080191000190098,2.789756416,0.058461507161458336
static_scene_fixed,gt,wan,0.0,0.0,1.6804538706085413e-08,0.00353341261636979,0.0035334085687964076,0.003760046035165923,0.003518786796772568,1.0,0.09269642799972644,4.19947776,0.0013314041436887254
static_scene_fixed,gt_uv_gt_front_depth,ltx,0.0,0.0,1.6804538706085413e-08,0.005220160404893241,0.00522016168220535,0.0058625773787121215,0.005178715508237171,1.0,0.024393235000388813,2.789756416,0.058461507161458336
static_scene_fixed,gt_uv_gt_front_depth,wan,0.0,0.0,1.6804538706085413e-08,0.00353341261636979,0.0035334085687964076,0.003760046035165923,0.003518786796772568,1.0,0.09337819200027297,4.19947776,0.0013314041436887254
static_scene_fixed,spatrackerv2_gt_geometry_bf16,ltx,0.003906798832328312,0.0003417902204973595,0.00018697367410139805,0.006092310914051502,0.006197052039353081,0.006055050909697754,0.006206213402556651,1.0,0.023714556000413722,2.789756416,0.0712429869408701
static_scene_fixed,spatrackerv2_gt_geometry_bf16,wan,0.003906798832328312,0.0003417902204973595,0.00018697367410139805,0.0033439953993304695,0.005239886045387169,0.003968742031588169,0.005321895336600008,1.0,0.09390487699965888,4.19947776,0.0018104104434742646
static_scene_fixed,spatrackerv2_gt_geometry_fp32_math,ltx,0.0028098278818425356,3.40160131048778e-05,0.00014292901216707597,0.0058325228009890534,0.005902409439133052,0.006359565493976921,0.005872915500110867,1.0,0.023913940000056755,2.789756416,0.0711511350145527
static_scene_fixed,spatrackerv2_gt_geometry_fp32_math,wan,0.0028098278818425356,3.40160131048778e-05,0.00014292901216707597,0.003281000192110846,0.004717514064809853,0.0038053219210351886,0.004776365170859831,1.0,0.0933831000002101,4.19947776,0.0014789057712928922
static_scene_fixed,zero,ltx,0.0,0.0,1.6804538706085413e-08,0.005220160404893241,0.00522016168220535,0.0058625773787121215,0.005178715508237171,1.0,0.02307384899995668,2.789756416,0.058461507161458336
static_scene_fixed,zero,wan,0.0,0.0,1.6804538706085413e-08,0.00353341261636979,0.0035334085687964076,0.003760046035165923,0.003518786796772568,1.0,0.09265311799936171,4.19947776,0.0013314041436887254
static_scene_orbit,cotracker3_gt_geometry,ltx,0.12447739794273374,0.008198416841671953,0.001205718565876597,0.015333535934067267,0.1092703031547093,0.020159412592239193,0.11501939286841706,1.0,0.0245817929999248,2.789756416,0.05292466107536765
static_scene_orbit,cotracker3_gt_geometry,wan,0.12447739794273374,0.008198416841671953,0.001205718565876597,0.008409046423675971,0.11710069469329903,0.02524654696615164,0.12302676874021178,1.0,0.10322326999994402,4.19947776,0.0038030287798713237
static_scene_orbit,delta_gt_geometry,ltx,0.05063344869964048,0.0014598693788601931,0.0007129688522200673,0.008262887776805205,0.046417833391238866,0.01460724552888621,0.04847012938235839,1.0,0.02345822000006592,2.789756416,0.061452229817708336
static_scene_orbit,delta_gt_geometry,wan,0.05063344869964048,0.0014598693788601931,0.0007129688522200673,0.005543592698105565,0.04889319201973856,0.01896649262596303,0.05082394681933698,1.0,0.09279957699982333,4.19947776,0.0022639854281556373
static_scene_orbit,gt,ltx,0.0,0.0,1.6804538706085413e-08,0.005220160404893241,0.00522016168220535,0.0058625773787121215,0.005178715508237171,1.0,0.024105296000016097,2.789756416,0.058461507161458336
static_scene_orbit,gt,wan,0.0,0.0,1.6804538706085413e-08,0.00353341261636979,0.0035334085687964076,0.003760046035165923,0.003518786796772568,1.0,0.09287278400006471,4.19947776,0.0013314041436887254
static_scene_orbit,gt_uv_gt_front_depth,ltx,0.0212373713628134,0.010484878507201638,0.0010165312754211106,0.009215002960304083,0.013651924574007658,0.01073203580490961,0.01385210977081781,0.9478609625668449,0.024086487000204215,2.789756416,0.09376974666819853
static_scene_orbit,gt_uv_gt_front_depth,wan,0.0212373713628134,0.010484878507201638,0.0010165312754211106,0.004623708999034156,0.011376174940860852,0.005593794150039435,0.011772610260210153,0.9478609625668449,0.09350728600020375,4.19947776,0.0019402597464767157
static_scene_orbit,spatrackerv2_gt_geometry_bf16,ltx,0.06559286500349147,0.0014056310348237414,0.0011301010540160812,0.013452029647336,0.05649848876649449,0.026911881919089626,0.05840730211148836,1.0,0.023572721000164165,2.789756416,0.04015125947840074
static_scene_orbit,spatrackerv2_gt_geometry_bf16,wan,0.06559286500349147,0.0014056310348237414,0.0011301010540160812,0.007121807978695613,0.06471693650612562,0.028724694404774372,0.06703901664169667,1.0,0.09417972400024155,4.19947776,0.0012416465609681373
static_scene_orbit,spatrackerv2_gt_geometry_fp32_math,ltx,0.0659057610836188,0.0015661803984337232,0.0010681689577679112,0.01294878194091236,0.05670368832148429,0.027535996028842206,0.05858547492100958,1.0,0.024566651999521127,2.789756416,0.04221538468903186
static_scene_orbit,spatrackerv2_gt_geometry_fp32_math,wan,0.0659057610836188,0.0015661803984337232,0.0010681689577679112,0.006434389583895673,0.0644587224370834,0.029740887459531747,0.06669858275821576,1.0,0.0933109070001592,4.19947776,0.0013765821269914216
static_scene_orbit,zero,ltx,0.0,0.0,1.6804538706085413e-08,0.005220160404893241,0.00522016168220535,0.0058625773787121215,0.005178715508237171,1.0,0.02309483199951501,2.789756416,0.058461507161458336
static_scene_orbit,zero,wan,0.0,0.0,1.6804538706085413e-08,0.00353341261636979,0.0035334085687964076,0.003760046035165923,0.003518786796772568,1.0,0.09304495500055054,4.19947776,0.0013314041436887254
