N,arm,optimizer_seed,condition,successes,rollouts,artifact
16,A,0,id,0,5,/workspace/phyla-research-runs/exp03-recovery-root/runs/exp03/pilot/N016_A_seed0/eval_id
16,A,0,cube_color,0,5,/workspace/phyla-research-runs/exp03-recovery-root/runs/exp03/pilot/N016_A_seed0/eval_cube_color
16,A,0,camera30,0,5,/workspace/phyla-research-runs/exp03-recovery-root/runs/exp03/pilot/N016_A_seed0/eval_camera30
16,A,1,id,2,5,/workspace/phyla-research-runs/exp03-recovery-root/runs/exp03/pilot/N016_A_seed1/eval_id
16,A,1,cube_color,2,5,/workspace/phyla-research-runs/exp03-recovery-root/runs/exp03/pilot/N016_A_seed1/eval_cube_color
16,A,1,camera30,0,5,/workspace/phyla-research-runs/exp03-recovery-root/runs/exp03/pilot/N016_A_seed1/eval_camera30
16,R,0,id,1,5,/workspace/phyla-research-runs/exp03-recovery-root/runs/exp03/pilot/N016_R_seed0/eval_id
16,R,0,cube_color,0,5,/workspace/phyla-research-runs/exp03-recovery-root/runs/exp03/pilot/N016_R_seed0/eval_cube_color
16,R,0,camera30,0,5,/workspace/phyla-research-runs/exp03-recovery-root/runs/exp03/pilot/N016_R_seed0/eval_camera30
16,R,1,id,1,5,/workspace/phyla-research-runs/exp03-recovery-root/runs/exp03/pilot/N016_R_seed1/eval_id
16,R,1,cube_color,0,5,/workspace/phyla-research-runs/exp03-recovery-root/runs/exp03/pilot/N016_R_seed1/eval_cube_color
16,R,1,camera30,0,5,/workspace/phyla-research-runs/exp03-recovery-root/runs/exp03/pilot/N016_R_seed1/eval_camera30
16,F-GT,0,id,0,5,/workspace/phyla-research-runs/exp03-recovery-root/runs/exp03/pilot/N016_F-GT_seed0/eval_id
16,F-GT,0,cube_color,0,5,/workspace/phyla-research-runs/exp03-recovery-root/runs/exp03/pilot/N016_F-GT_seed0/eval_cube_color
16,F-GT,0,camera30,0,5,/workspace/phyla-research-runs/exp03-recovery-root/runs/exp03/pilot/N016_F-GT_seed0/eval_camera30
16,F-GT,1,id,0,5,/workspace/phyla-research-runs/exp03-recovery-root/runs/exp03/pilot/N016_F-GT_seed1/eval_id
16,F-GT,1,cube_color,0,5,/workspace/phyla-research-runs/exp03-recovery-root/runs/exp03/pilot/N016_F-GT_seed1/eval_cube_color
16,F-GT,1,camera30,0,5,/workspace/phyla-research-runs/exp03-recovery-root/runs/exp03/pilot/N016_F-GT_seed1/eval_camera30
64,A,0,id,0,5,/workspace/phyla-research-runs/exp03-recovery-root/runs/exp03/pilot/N064_A_seed0/eval_id
64,A,0,cube_color,1,5,/workspace/phyla-research-runs/exp03-recovery-root/runs/exp03/pilot/N064_A_seed0/eval_cube_color
64,A,0,camera30,0,5,/workspace/phyla-research-runs/exp03-recovery-root/runs/exp03/pilot/N064_A_seed0/eval_camera30
64,A,1,id,0,5,/workspace/phyla-research-runs/exp03-recovery-root/runs/exp03/pilot/N064_A_seed1/eval_id
64,A,1,cube_color,0,5,/workspace/phyla-research-runs/exp03-recovery-root/runs/exp03/pilot/N064_A_seed1/eval_cube_color
64,A,1,camera30,0,5,/workspace/phyla-research-runs/exp03-recovery-root/runs/exp03/pilot/N064_A_seed1/eval_camera30
64,R,0,id,1,5,/workspace/phyla-research-runs/exp03-recovery-root/runs/exp03/pilot/N064_R_seed0/eval_id
64,R,0,cube_color,0,5,/workspace/phyla-research-runs/exp03-recovery-root/runs/exp03/pilot/N064_R_seed0/eval_cube_color
64,R,0,camera30,0,5,/workspace/phyla-research-runs/exp03-recovery-root/runs/exp03/pilot/N064_R_seed0/eval_camera30
64,R,1,id,0,5,/workspace/phyla-research-runs/exp03-recovery-root/runs/exp03/pilot/N064_R_seed1/eval_id
64,R,1,cube_color,0,5,/workspace/phyla-research-runs/exp03-recovery-root/runs/exp03/pilot/N064_R_seed1/eval_cube_color
64,R,1,camera30,0,5,/workspace/phyla-research-runs/exp03-recovery-root/runs/exp03/pilot/N064_R_seed1/eval_camera30
64,F-GT,0,id,1,5,/workspace/phyla-research-runs/exp03-recovery-root/runs/exp03/pilot/N064_F-GT_seed0/eval_id
64,F-GT,0,cube_color,0,5,/workspace/phyla-research-runs/exp03-recovery-root/runs/exp03/pilot/N064_F-GT_seed0/eval_cube_color
64,F-GT,0,camera30,0,5,/workspace/phyla-research-runs/exp03-recovery-root/runs/exp03/pilot/N064_F-GT_seed0/eval_camera30
64,F-GT,1,id,0,5,/workspace/phyla-research-runs/exp03-recovery-root/runs/exp03/pilot/N064_F-GT_seed1/eval_id
64,F-GT,1,cube_color,0,5,/workspace/phyla-research-runs/exp03-recovery-root/runs/exp03/pilot/N064_F-GT_seed1/eval_cube_color
64,F-GT,1,camera30,0,5,/workspace/phyla-research-runs/exp03-recovery-root/runs/exp03/pilot/N064_F-GT_seed1/eval_camera30
